isbn,titulo,autores,editora,ano,paginas,idioma,assuntos,capa_url,capa_fonte,fonte,data_cadastro,estante,prateleira,etiquetas
9781098115784,Machine Learning Design Patterns,"Valliappa Lakshmanan, Sara Robinson, Michael Munn","O'Reilly Media, Incorporated",2020,400,eng,Science,https://m.media-amazon.com/images/I/81Gw--pXkzL.jpg,manual,openlibrary,2026-06-17T17:13:05,,,
9786598896218,"Python Fluente, 2ª edição — Vol. 1","Luciano Ramalho, Paulo Cândido",Heinar Gonçalves,2025,403,pt,"Ciência da Computação, Python, Programação, ciência_de_dados","data:image/jpeg;base64,/9j/4AAQSkZJRgABAQAAAQABAAD/2wCEAAkGBxISEhUQEhIVFhUXFxoXFhgYFRgaGRkeFxkYHxkVGBgZHyggGBopGxoaIjEhJSkrLi4uFx8zOjMuNyotLisBCgoKDg0OGxAQGi0lICYtLSstLS0tKy0tLS4tLS0tLS0tLS0tLS0tLS0tLS0tLS0tLS0tLS0vLi0tLS0tLS0tLf/AABEIAQoAvQMBEQACEQEDEQH/xAAcAAEAAQUBAQAAAAAAAAAAAAAABgEDBAUHAgj/xABMEAACAQIDBAQKBwQIBAcBAAABAgMAEQQSIQUGEzEHIkFRMjVSYXFzgZGxshQjMzRCcqFUYpKzFhckdJPB0dIVgqLCU1Vjg+Hw8UP/xAAbAQEAAgMBAQAAAAAAAAAAAAAAAQIDBQYEB//EADoRAAIBAgMDCQYFBAMBAAAAAAABAgMRBAUxEiFBEzRRYXGBkbHBIjNSctHhFBUyU6EWI0LwBjWCYv/aAAwDAQACEQMRAD8AjFZT6OKAUAoBQCgFAKAUAoBQCgFAKAUAoBQCgFAKAUAoBQCgFAKAUAoBQCgFAKAUAoBQCgFAKAUAoBQCgM/EbFxCJxHiYIFDkkr4LEAG178yNOYuL0PNHGUJS2Iy33sUw+x8RISqwSEixN1K2va1y1hrcUJni6EFeU1438jzHsuZs1o26qlzeyjKObAtbMPRegliqMbe1ru/3oMaWFkOV1ZTa9mUqbHkbHsoZ4zjJXi7nihIoBQCgFAKAUAoBQCgFAKAUAoSKECgFAKApmHfSxNmVoQbbHbbZ1iSMPGiIqFOKWV8rZszAKupa5N78/NQ8VLBRi5Odm22723q+7+CQ/1itmLfRhqwb7blZgxHgd4//aiyNd+RK36/4+5ZG/GWxEBJMWRrzNlBy5eqlitsoBvYG5OtqmxZZNdWc9176Gk3l22cZKJSmSy5bZs343Ym9h2uRbuAobDBYP8ACwcb3u7mpoewUAoBQEl6O8DFNjVjlRXTI5ysLi4AsbVD0NZm9WdLDbUHZ3Wh1j+iWA/ZIf4BVNpnLfmGK/cl4ljE7k7PcEfRUXzpdSPapFNploZliou6m+/eRXZe6sGG2icLNGs0U0ReEyAEqUOqem19e4CrX3Gzr5hVr4VVYNxlF2duN9GbXfbdXCrgp5IcPGjoucMqgEBSCwv51BFIydzz5fj67xMFObabtvfSYnR1uzhpcEs08EcjO7kFlBIAOUDXs6pPtqG3cy5rjq0MS4U5tJW0fEv43Y+B/wCI4fCLhYbGKSSQZBryCX9zH3VN3YwwxOJeFnVc3qkt/iSD+iWA/ZIf4BVdpnj/ADDFfuS8R/RHAfskP8AptMfmGK/cl4kf29u7hExeBjXDRBZJJQ6hBZgsRIDDtsdalNntw2Mryo1W5u6Stv6yQf0RwH7JD/AKjaZ4vx+J/cl4kM6PdiYaaTGiWCNwk2VMyg5Rd9B3DQe6rSbNtmmKrU40nCTV43e82u/O7mEiwM8kWGiR1C2ZUAIu6jQ+g1CbuebLsZXniYRlNtdvUaXo93JjmjGLxK5lY/VxnkQDbO/fc8hytrrfSW7HszXNJwm6NJ2tq/RHQhs7CJliEMC38FMiC9udltraq7zQurVl7V323ZGt7dwYJo2kw0axTAEgILI9vwlRoCe8dvfUpmxwObVaU0qj2o9eq7DQdFexsPiI5zPCkhV1AzqCRdTca8tamTse7OsTVpThycmrrg+s2HSRuth48Jx8PCkbRupbIoF1bqm9u4kH2GkWYMpx9WWI2Kkm01xfEvdHm72EmwMcsuHidy0l2ZQSbSMBr6BSTZTNMXXp4qUYTaW7R9REOkvZ8UGMEcMaxrwUbKosLlpLm3foPdUrQ2+T1p1cO5Tbbu9exEVqTaigFAKAlvRZ4wX1cnwFRLQ1Od8070dpfkaxo49akE6Hp3bCyhmZss1hck2HDQ2F+Qv2eeryNxncIxrx2Vb2V6lvpKx30fF7OxHkNIW/LeEN/wBJakdC+VUuWoV6fSl47yb7Rw4lhkj5h0Zf4lI/zqppqcnCal0MxN1MLwsHh4zzEKX9JUFv1Jo9TLi6nKVpz6Wzj28+3ZG2hNiIZGQhjGjKbHKnV0PcSCfbV+FjrcFg4fhI06ivfe+1k56KdqTzpiDNK8hVkC5je1w17VWSNJnWHpUZwVONro32/mKeLAzSRuUdQtmU2Iu6g29hNRHU8WXU41MTCM1dM5nuftbET7RwommeQK75cxva8T3tV3odHj8LRo4So6cUr280drrGceQPoyjYS4+6kXnuLgi/Wk1FWkbjNZRlGjZ/4m36RvF2I9C/zEpHU8+Vc7h2+hsN1Y8uCwyjsgj+Rah6nmxUr15vrfmRTelj/wAZwA/d+Jkv8KstGbPBpfl9bu9DoFUNKQXo0W0u0AOzFMPcz1aRuM1d4UfkRMNqYNZoZIW8GRGQ/wDMCL1CNVSqOnNTWqdzQdGsLJgEjbRleZW9KyuD+tTLU9uazU8U5LRpP+EQPpb+/j1CfPLVo6G9yLmz+Z+SIZUm6FAKAUBLeizxgvq5PgKiWhqc75p3o7URpWM4412wtiQYOPhQKVUtmN2JJJAFyT5gB7Klu5mxGJqV5bdR3ehzbpfx6STwwqQTEj57dhkK9U+eyXt5xV46HR5DSlGnKb42t3E+3H2hx8DBITdgmRvSnVJ9tr+2qSW80WYUeRxE4dd12PeZW8e0Po2Fmn8hCV/NyUfxECiMWFpctWjT6WfPIrIfQLW0Oo9DHgYn88fytVZnMf8AIPeQ7H5kj6R/F2I9CfzEqsdTX5XzuHb6HLOj/wAY4b8zfy3q70OnzXmk+7zR3isZxBSgI30j+LsR+Vf5iVaOpsMq55Dt9Dabu/dMP6mP5FqGeXEe9n2vzIfvR46wH5f85KstGbXB/wDX1u70Og1Q0hCOjn7baX97f5nq0jb5p+ih8iJteqmoLWHw6pcKLAsze1jcn3kn20JlJvU5B0t/fx6hPnlrJHQ6zIubP5n5IhlSboUAoBQEt6LPGC+rk+AqJaGpzvmnejtL8qxo49anz4+8mNdbNi5yDz+sYfCstkd3DAYaNmqaNZQ9aVlZHWOh2QnDzKToJrgd10W/wqkjlM+ilXi//n1Zk9LspGCVQdGmQN5wFdvio91I6mPI4p4q74JnHqudedQ6GPAxP54/laqzOY/5B7yHY/MkfSP4uxHoT+YlVjqa/K+dw7fQ5Z0f+McN+Zv5b1d6HT5rzSfd5o7vWM4gg3RriHeXHB3ZrT2XMxNhmk0F+Qq0jcZrCMY0dlJXj9Da9I3i7EflX+YlI6nnyrnkO30Nnu2b4TDn/wBCP5FqGeXEq1afa/MiG9HjrAfl/wA5KstGbXB/9fW7vQ6DVDSEH6OPtto/3t/merSNvmn6KHyI3e2to8HFYNSdJTLGfSVUr/1KB7ahHioUeUo1H8Nn/Jvag8pxrpb+/j1CfPLWSOh1uRc2fzPyRDKk3QoBQCgJb0WeMF9XJ8BUS0NTnfNO9HaX5GsaOPWp80JyFZT6MtCtAdV6G/sJ/Wj5BVJHK5/76Py+rMnpg+5x+vX5JaRKZFzl/K/Q5DVzrTqHQx4GJ/PH8rVWZzH/ACD3kOx+ZI+kfxdiPQn8xKrHU1+V87h2+hyzo/8AGOG/M38t6u9Dp815pPu80d4rGcQQHov+12h/eP8Aukq0jdZv+ij8v0Nz0jeLsR6F/mJULU8mVc7h2+hY6N9spPg44gRxIVEbr22XRG9BA594I7KmSL5rhpUcRKVt0ndGz2hu7HNioMYWYNCCAotZr3tft0uai55qeKlTozorSRmbZ2pHhoWnlNlUe0nsUd5J0olcx0aM601CC3shXRDMXXFyNzeUMfSwJP6mrSNxnkFCVOK4Rt4HnpfmZBhJF8JJWZfSoUj9RSIyKCm6kXo42J7gMUssaSr4Lqrj0MAR8aoaWpBwk4vg7HIelv7+PUJ88tZI6HVZFzZ/M/JEMqTdCgFAKAkW4WDeXGLGkzwnI5zpbNpbTXTWoehrs1qRhh7yipb1uf2Onf0YxH/meJ9yf6VS5zP4yl+zH+fqRraXRlDFDJKMRISkbOAVWxyqTb9KttGypZ5UnOMXBb2lx+p7wPRhDJGkhxEgLIrWyrpmANqbRE89qxk47C3Pr+poN5IZtkzDD4bEyhXQSN4I1uy9g7lFSt57sI6eYwdStTV07ce3pNzu7sSXauF4mJxkxAkIC2Ui6jRtRzsxqG7M8eKxMMBiNmjTWi37+PeavffcmPA4cTpM7kuEswUDUMb6eipTuerL80niqvJyilub3XJdsrcNsODwMdPHmsWyqmtuV9Kq2amvmirNcpSi7dv1NZNsafEYyXZsuOnaIQrKbhOsSw0Ity7fZU3tvM0cRTpUI4iFKKltNcejtMzB9GaROsseLmV18FgqXFwRpp3E1G0VqZ1OpFwnTi0+36ld6Nm4rC4WXErtHEMUAIBCWN2A1sPPRalMHVoVq0aboxs+36nvYu5bxpxIsfOhlAkewTUkXudPOaOVyMRmUZvZnSi9nctfqRHeGTGDGf8ADZsVK8TyRJc5essjJZrW5gn3rVlY22Ejh3h/xMKaUkn06rvJPB0arCeLFjJ0dQSCoUH0adnmqNo1s86lVWxOnFrv+ptt3sPi5sLDM2OcGSNXP1MJtmANh1fjVWzx4mVGFaUVTVk2tX9TD2ruAcSwafHTuRyuEsPQoAUewVKkeihmvIK1OlFeP1K7P3DbDBhBjp4w2rZQmpHLsptXFbNFXadSlF+P1Nfgt0n2hhYJ8RjZmLIHCkIQpYa20qW7MyyzCOErTjSpRW+3H6m4wm580SLHHtHEKiiyqAlgO4aVW55Z4+nUk5Soxu+36nOekLBvDi8jzPMeEpzvbNYl+rp2f61daHRZTUjUoNxio73uV+rpI1UmzFAKAUBLeizxgvq5PgKiWhqc75p3o7Sx0rGjjjkeO6TpZYnjOGjAdGUnO2mZSL8vPV9k6mlkUYzjLbe5p6fc6lsb7vD6pPlFUOare8l2s5Z0v/fI/UL88lZI6HT5D7iXzehKuiT7ifXP8FqstTWZ5zruRa6YvuK+uX5JKQ1JyPnP/lk4TkPRVTTvUiWC8dT/AN0T51qeBsZ8wj878iTbSxBjhklAuURnt35VJt+lQa+EdqSj0s5DvB0hy4rDSYdoEUOB1g5JFiDyI81ZFGzOsw2SxoVo1Ntuz6DruyvsIvVp8orGcpU/W+1kJ6Q9m/2zAYoD/wDvFE5/9xWT/vq8WbjLK/8AYrUn8La8N5O8R4DflPwqiNLHVHKN2ekKWNMPhRAhA4cWbOb20XNa3Osjijp8Xk0ZOdbb6Xa3edcrGcuc63l6QpcNiZcMsCMEIAYuQTdVPK3nq6ib7B5NGvRjVc7X4WJTuQP7BhfUp8KrLU1mO3Ymp2s1m/O9z4BolSJX4gcm7EWyle4fvVKVz05dlyxak3K1rcOk5ZvPtxsbPx2QIcgSwJI6pJvcjz1ZbjqMFhFhafJp333NTUnrFAKAUBLeizxgvq5PgKiWhqc75p3o7URcWrGjjjl28nR1h8NhZZ1mmZo0uAxSx1A1soNXUrs6PCZzWq1oU3FWbS4/U6Nsb7vD6pPlFUNBW95LtZyzpf8AvkfqF+eSskdDp8h9xL5vQlXRJ9xPrn+C1WWprM8513ItdMf3FfXL8klIak5Hzn/yycJyHoqpp3qRLBeOp/7onzrU8DYz5hH535EoxuHEsbxEkB1ZSRzAYEEjz61Br4y2ZKS4HK98twoMHhHxCSysylQA2S3WYDsUHke+rqV2dPl+bVcRiFTklZ30v0dp1HZX2EXq0+UVRnM1f1vtZb2xs8Toqn8MkcgPnjkVv1AI9tSi1Gq6crroa8VYycR4DflPwqEY46o+dNifbQeti+dayn0DE+5n8r8j6QrEfPjg+/8A4xxP5l/lpWRaHb5VzOHf5s67uT9wwvqV+FUlqcnj+c1PmZY3q3Rix7RtJJInDDAZMuua175lPdROxfB5hUwt1BJ36TkW92yEwmKfDozMqhSC1r9YX7ABV1vR1mX4mWIoKpJJO70NNUntFAKAUBLeizxgvq5PgKiWhqc75p3o7Sx0rGjjjh+1d/sZiIHgkEOV1s2VGB9hLm1ZbI7Khk9ClONRN3W/U7Nsb7vD6pPlFYjka3vJdrOWdL/3yP1C/PJWSOh0+Q+4l83oSrok+4n1z/BarLU1mec67kWumP7ivrl+SSkNScj5z/5ZOE5D0VU071IngvHU/wDdE+dangbGfMI/O/Ikm1cQY4ZZFtmSN2F+V1UkX82lQeCnFSmovizie3d98Xi4GglEWRrE5UYHqkEalj2jurLZJnZ4bKqOHqqpBu66TteyvsIvVp8orGcZV/W+1ljYu0eMJRfrRzSxN5srHL/0FaMtVpOGz1pMzsT4DflPwojHHVHznsT7aD1sXzrWQ+gYn3M/lfkfSFYj58cH3/8AGOJ/Mv8ALSsi0O3yrmcO/wA2dd3J+4YX1K/CqS1OTx/OanzM0fSJvTiME0KwCPrhy2dSfBK2tZhbmamKTPbleApYpSc291tOu5yzbW1ZMVMZ5cudgAcoIHVFhoSfjVzqMNh4YenycNOswaGcUAoBQEt6LPGC+rk+AqJaGpzvmnejtL8jWNHHrU+Zvw+ysp9HjwPo/Y33eH1SfKKxHzur7yXayP72bkpjplmaZkKoEsFB5Mxvr+b9KspWPfgsznhYOEYp3d95b6O40hXFYIPmMOIbnzKsq2Yjs1De6kuknM5SquFdq21HyMnpC2HLjMKIYbZhIramwtZgdfbekXYx5bioYettz0s0SYaVU15Ctj4pZNt4rKbhYFQnzqyXHsJt7Ks9DbV6bhl9O/GTZL8fhuLE8V7Z0ZL92YEX/WqmrhLZkpdBzLbfRpHBhppxiHYxxu4BRbHKpNr+yr7W86OhnlSrVjBwW9pceJ0rZX2EXq0+UVQ52r+uXayFbl7RttPaGGJ8ORpF9KtZv0Zf4as1uNvjqN8HRqrgrP0J3ifAb8p+FQjTR1R857E+2g9bF861kPoGJ9zP5X5H0hWI+fHB9/8AxjifzL/LSsi0O3yrmcO/zZ13cn7hhfUr8KpLU5PH85qfMzE3u3QXHtGzStHwwwFlBvmK9/5aJ2MuBzGWEUlGKd7a9Ry/fXdtcBJHGsjSZ0LXIAtY2tpV07nTZdjpYuMpSSVnwI7UmxFAKAUBtN2ttHBzjEKgchWXKWt4Xbexpa55cbhViaXJt233Jg3StLa30RP8U/7arso1H9Px/c/j7nOraWqx0S3HQMH0oSRxpH9FQ5VC34p1ygC/g1XZRz08hjKTfKa9X3L39a8v7In+Kf8AbTZRH9Px/c/j7kTXeWdMW+NiPDd2JK+EpBt1G5Zhp5vZVuo2f4CnLDxoT324kzwfSuLfXYU370cWPsYC3vNV2TUVMglf2JrvX0MLbXSfLIpTDxCK+mdmzMPyqBYHzkn0UUTLQyGMWpVZX6kRvdXeNsDK8wjEhdSpzORzYMWvY3Nx+tS1c2WOwKxUFC+zbqJV/WvL+yJ/in/bUbKNZ/T8f3P4+5ibX6SZJ4JYDhkUSIyFuITbMCL2y686bKMlHI406kZ7ejvp0d5ew3SjIiKn0VDlULfinWwtfwabKKTyGMm3ymvV9yMYXeF48cceqDMXZymbTrggrmty17uyrW3WNlPAqWFWHb4a26CVSdKspBH0VNQR9qe3/lquyjWLIIp35T+Puc+w8/CZZLX4ZV7cr5CDbzcqsbzEW5KV+h+Rl7O6QtrPJJi1lZ1U/SJYLwiFYFykorMS5NiosoBF1JuWrEfPla+887V2x9MmfF5QvFINgb2soW1yB5PdWRHdZfGEcNBQd10kt2N0jyYeCPDjDKwjQLmMhF7dtsulHFGvr5JGrVlU27Xd9PuZv9a8v7In+Kf9tRsoxf0/H9z+PuRfe3eRsfIkjRiPIpWwYte5ve5AqUrGzwGBWEjKKle/caKpPcKAUAoCQ7g4OObGxxyoroVkJVgCDZCRofPUPQ12a1JU8M5QdndG12PulBNg45yzh3hmfRhlDRyKq6W5WOovRs8OIzOtSruCtZNLxVzObdfCpJiERZTw8PNcyIGUsgjKvGxS2brG4Go01FLmF5hiJwg5Nb5LR2dt+5pPQuybiYUZTeYALJmBdcxKxqwJsvUPPq68xUXKrOMRv04W3df8npdwcKXdc0tmcRx9dep9RxCx6vX10tppS4/OMQktOl7td9jmanSrM6crQCgFAKAUAoBQCgNftaNnikI0ijAMpBsWuVAiTQ6nOtzYgZhz5VST4HOZ1jmv7EO/6Em2zs+MYcYuHUSwvEANCmXCvPGPMAkeGYDsJblrepzZpcdHHFjJIIZWlRlE+diWN5iHHWPh3jkjJa+pue2rRZ0OQ157UqXC1y5VzphQCgFAKAUAoDdbmwTSYtEw8ohkyvZyoawCm4se8aVDPDmM6caDdSO0rrdexIcdhNr3aCObjRsmbMqxJmE92KjOAwY5Sco5W7KXRrKVXLmlOcdl3tbe9OJYEO2pgr3Yh48o62HW6T940sWyjU66Wqdxk2sshdW0d/8ALVHuE7YkyM8jKjuELFYbrxTw8zIBmsbWvbspdFZflsbqKu0r8eG8v7Tw21oUaVMQZQeIJMqxhl4LcLMARe5Gl0F7c+youjHRq5fUkoyhs2tbe+O8iO1dh4jC5ePHkDXy9ZWF15rdSbEdxqbm6oYulXuqbvbuNfQ9IoBQCgFAKAUBbM65xHfrEXt5vP3VFzE69NVFSvvauYoxLpO5GoWNJFUqWXMmJwzOcoIzdSNbgG5CiqPU5TO7fiu5EpwWFnaGPD5GNnfqBLEZBtWErkuxU2MMZFzlAXXQmoNQR/ERssygMpiHHEKqR1ULQMgPUBvw2jOrNpbweVWjqbnIucv5X5ou1c64UAoBQCgFAKA3O6G1kwmKTESBiqq4IUAnrKQOZFQ9DxZhh5Yig6cNbrUlmB36wiyCVkmz5YsxyocxRGVjq9gdR1uZAtUWNNPJ8Q47Katv4/Y84bfrDKEBSbqphlPVTnAzlvxfvC1LEyyeu7u648enuEO++FVMoSa5eJj1VP2c5djmL3N15LyHtNLESyjEOV7rjx6rdBSXfvD5WtHLe09rhQLyzCRbnNoLCx/zpYlZPXvva4cehWNRvrvLDi1jSFZAFeSRi4UayW6oAJvbXWpSse7LMBUw8pSm1vSW7zIpUm3FAKAUAoBQGHtXHiFM51J0Ud5/0qG7Hix+Mjhae1xeho9gBpZOIWuQczX89wPSedu4enTGtTQ5XGdevyjd7b3/AL/tjaxkfTcjEkSQyKFGuroVYBb6syKVX94r3VMtTFncbYq99UiR7qzvEeLx2aXipEWUiMkqGxWIsWLcUO6BTJoGyoMrK1hBqDD2hHb6IerdsOz9XwTYYeIOv7p4RAv5NWjqbnI1fEv5X6Gm2vtYJdEIz9p7EHefP3CpcjbZhmcaSdOm/a6ej7l/ZE0jJeRSO4nQsO8r+GkWz0ZbVrVKX91dj4vuM6rGwFAKAUAoBQCgFAKAUAoBQCgFAKAUAoDC2yiGF84JAF9OenIg9lQ9DwZlGEsNLbV7b9xoNmTGJc0SFjL1QT4KlQCV72srAk6c/TWNbjm8HinQb5JXlJdy+psdkYDEyMsqxKVxAcRTvwwc8JveJ5JEWN7jLYm4W5AJFDwVqrqTcnvfSb+GeRIooTIMwhklZ2KiNZsUyZCWGnNGS/ID06jERfaWOxAZITwARCMOnCcMAIXdS2jGzM+drm184YaEUPVhq9SG1CH+Ssa/Ymy3kbODlUfiIvr5h3j/AEqUrnowGAq4iW0tyXH6dZLsLhljGVb6m5JJJJ7yT21dKx12Hw8KEdmPffVl6pM4oBQCgFAKAUAoBQCgFAKAUBo2xnClkDE5VfM3M9V1GoHmaw/5qxt7zn3iXh8TPabsnd9jXozdg9tZDfppq6K0JMbFY5IyFY6m5A8ygkk+6obPJiMZSoSUZasRTJPGcpBVgQfNcciO/Wl7omFWni6L2HdNWNZlJmjilkSQhY4pGmkdEVMpVAWXVIkspNjc3Ua3rG0cli6UcK+Si/at7T9EZ+NwBkk47xqVkjDM7QNEESCPhyHJlEZMhN7rd1ADWQ0Nee5JFYHjxvJnXjyRLdbrmSOKOSQW4ahmBLnwXVxbr0BqnwcuIneScWkVgjEKqW4KiMDIuge6jlpoe+pSubXLsC8Q78E9f94m8hiVFCqAAOwcquddSpRpR2YKyPdSZBQCgFAKAUAoBQCgFAKAUAoBQGi3ijCtHNbS5jk86t/8X/SqSRoM4pqE4VuD3PsMDZe0xHLZn6uXIx1I6vgsPYB76hOxr8DjlRrrbfs2s+7RklmxarGZb3W2bTtvytV2zp6uKhCi63CxB58UzyF2N76XN7AG4HLUC3Z8axnD1q061Rzk9SS4FjC7qyFFCCR1K5SMyh0a3KzIwIXsAt5zKZuMrxSpykkvYSu+1ce8ztl4PEsDiFBjGIjaR2ju8q4eIhcrQllDxyTKg0Ob6o9hsYNRisQ69V1GtTP2Ds5pSYX615AZQAoRpGbMMLEosoQO4JtYa2BAkuB5zVY+bEZZMTw+1Wujzo6I3EjhQiQBZkEiI+dVJLHVgWOUSk27Iu7HwpihVG5i5Pmub2rIjuMuw8qGHUJa6+Jm1J7hQCgFAKAUAoBQCgFAKAUAoBQCgMfaGFEsbRnS/b3EcjUNXPNjMOsRSdN8SNLA8EkkR4piCtI3CtmsVdFdiVNlvJlP5j2kVjZxeLwssPVcH3dhr8LiC5jhlZ+EDyW1+3lewvc9vKhj5arOKpX3cEbzF7HCYRl/GLOx845j0BSatbcb6vlqpYF/EvaZTZrgZWMWIxGIR0LAX4aAlkVGK5mcseCOzyBrVTnm5R9k3EeGiBRYREZBxGTECN0Yo5BadlkbQAHJGDY2N79a6Ch4xQEyfRlCpGrxLM065TEruuTEAlw7hzIcxyXUXOnEagMfBYINM2IylUuRBGZGk4aXOUB2AJUDlcDQ3q0VxOlyfL2v79Rdi9Ta1c6IUAoBQCgFAKAUAoBQCgFAKAUAoBQCgLGIwiP4QJ0sRcgHW4zAHra661DVzy18FRryUqivYpDgYkN1jUHvA1pZE08FQpu8YJMpjZHyssUbSyZC2RVLEKPCcqPwjtNQ2ebMcdDD02tZPge9nYeOOI4dVSd5HEglMZRmK2YZC4DRRC4LFhzBtowDUOLbbd2Yu0FyJlIdxKrcR0IDligEJAbwMMZHQBj4YD5dMxcQWsPCZvq5xrh5HVY1YNGpOXNlYXzi6j8TDTz1KVzfZRgqNdbc73T7ja1kOpFAKAUAoBQCgFAKAUAoBQCgFAKAUAoAT20IbSV2YT7TjvlXNIxuAqKWJIFyBYWJA1OtQ5I19bNcNTbW1dro+pijE4mYMscfDIVGUG5ZxJlKhLDKpyHN1jyGmtVcjS4jPKs1amtnr4mfHh0QssA4uWWRhIwySKjAAx4qdDlZQouYwM184tYgippZScneTuyzi8SkSlprPIwRzG6TJ9KjdiAkDqtlhHPNm69ja+pYVSvuRrWw8pAXEGVuO0SFrvI0fD6sf1akcaQR9RbmwuwtcgibM92IwFWhTjUlx/gsBRhyFLuskTZZVeMrluq8SI3exIkBAAUE3LE8gIuVwdadKopp2S/2xJYpAwDDkQCPbWU7mnNTipLieqFhQCgFAKAUAoBQCgFAKAUAoBQFniFrCPL1i6q7sVjLxpmMWcAgykEAJzJYDtqrkafG5vToezT9p/wi9FhyGXiGRjeNmiWMhsrIc6MqZ2jbiEKGZl8BrrVdpmkqZxip/wCVuwwzgMqsZYOJ9WkbF5Rl67raYAF2iYkBcwIBuRbUioNfOtUqfrk33mXx3aYq6qHaaRQrqSONCqCUL9anCfLkBLKM2g15UMZYlx6GNpSVlPDzqkkyIrAZS0apCMsjKCGZJLGwNtaAS4+SZCkcYiRZUeBipUqqa8MwXZXGazdckDLpzqVFs2mFymvWW0/ZXWY4wiRASyO78NMql2vkUXOVF5KLk2A7/PVrJG9pZfhsEuVlvtxfojD2htMvhzNHkC8URAF7ShgucSKg5KLCzX52qHI1eNzdV4OnGG59JHMOYyjB758ylWzaKOtnBW12YkrbUWsaqaSKvqycYKcSRq4vqO0WrIndHe4SqqtGM10F+pPQKAUAoBQCgFAKAUFyl6EbSF6C6F6C6K0JLE0Rk6guFNgdWRnBuDwnyMpym2a/eBzNxRs57N8xcb0KevF+huMRJhoVs5TMWUSCGy2eSM2JSHrIGCWPDF7hST1jepzUYuTtFbzWHHyuAEhjhXqNlYB8rjNxeoBldHzcnuRYdtybbLNxh8kr1N8/ZX8lhMGuUIxZwEEYzsW6itmCW5ZQ2oFtDUqKN5SynDU1+m/aPoEX/hprqbqCfeamyPQsDhkrKC8Cq4GIG4jQEciFF/hSyJWDw8XdQV+wyKk9JFt7J5MwQ6R2uNfCPaT6O6qSOWzyrV5RQe6PDrLuydmRyojcS5TXQAEa3yte99b29NErk4DL6WIpqTnvXRr3mT/R1NRm6pYNbKLgC91Dc+R/Smyev8jhvW1ubvp6m6VQAANANBVzeRiopRWiK0JFAKAUAoBQCgFAUNCstDzeoMQvQFVoWjqehUmU9bNnEcHEWPizc8pzlQspZ/wM+X7KYXGVRxFZgrJasR8+quVWs3xb9SxHEeqXOdlQRqxAuEBJCAgC9rnU6n3WulY7DA5dTw0U9ZdP0LtWNiKAUAoBQGu27hDLGERczl0VB3s7BQNe+9qrLQ1OdQTwrb1TRhs+KTHP9LP1rMYpbZLZowAF6nV0AW1u+qp7zR5TOVOvF8Jbje1kOyFAKAUAoBQCgFAKAUB5kYAXJsBzoUqSUYtsydm7PklL8RJ4lGUoeE5Z7sQ1hlPYNNPxA8gQaORzGIzmbdqS3dLMg7HiVZCMTK7LfqmBvCKBgCAgIBJDeggeeq3Z5aea4iD3tM1UTPoskbRva+VwQbXIzC/MXBF/NV07nRYDGxxK3bmtUXhVjZPQxI0WWGOMZQ1kDXUyWeJpE8CFQS39rQhQCbqAb2N8R89m3Co+lP1MpWBAI5HUe2sp9AhLaipdJWhYUAoBQCgLGOhLxsoNja6kaEMNVIPZqBUM8uNoctQlAiWBV2zISc7fWITzzoTca/iIv+lY0cjhYyadPjrH5kTDDyFlViCCQCQeY81ZEdnQm504yas2i5UmUUAoBQCgFAKAUAoC3iIQ6lTyNr+cX1HtqDDXoqtDYej1BElmAnmF+X10nV9HW79ajZNe8nw/tWWunUeMMHBZhLKLkg2lcXIsAxN9TYAewd1FEx0cpw8m21uV19wsBurs7uwBBZmZiQb6anQX1okerD5bSoOMoarXrL9WNgYgkUrJGxVjlcBC5crdzICUIsqtKmHUIL3zMe2sbODx8dnEzXWXMH4AXyeqeQ5d4BIXS2l9L1daHXZbVjUw0LcFbwL9Se4UAoBQCgFAaLa2AYCSVLDKwlS3MH8fs0BqjRz+OwUoKdWHBqS9fqbjCzh0Vx+IA/6irJ3N1hqvLUo1OlF2pMwoBQCgFAKAUAoBQCgFAW4O38zfGoRgoPc/mZcqTOKAxZcqsc75UcAXJ6itYgSFMpzODkYG6gCJrnWqSOXz3DtVFVWj3d5SOMI9wuRWFsoVFC9ayiyC5KtmjeRjcsUHdeI6mLJcSqdVwk90vMy6yHWlp8SgNi6310v3C59wBPsqLo888XQpu0ppd56SVW5EH0G9LmSnVhU/RJPsPdSZBQCgKEX0oRJKSsykaBQFUWA0AFCIQjCKjFWSPVCwoBQCgFAKAUAoSKAUAoC1wdb30vmt5/T3a1Fjz/h/avfde9usu1J6BQHiZLiwJB7wSPZdSDYi4NjyJFQ1c82Lw6xFJ03x8y3hStjG0fW0ezAmMsLar4XI5FXR2ksqvG1gwx2OIxGFq4eVqit5HvhBFOdWOUxjIM5bVgBYTKBKuaKQNe4sWBAsKm5lWKxVZKkpN8LDC7QWJAqwyCysq3ZizZIyFzIInRcwdow2a9rhiFpYpLA4iLs4PwL5ZJs6oxDLxOGXMmmYRRiVlYggGSVQi6C6sbE2RoMVqtCXGL70WyLMyE6qdQSpYA6pny9XMVIJtpcmrxdzsstxf4iim9Vuf1K1Y2AoSKAUAoBQCgFAKAUAoCKcVvKb3msdz59y1T4n4scVvKb3mlxy1T4n4scVvKb3mlyOWqfE/FlOM3lN/EaXHLVPifiyvFbym95pcnlqnxPxY4reU3vNLkctU+J+LKcZvLb+I0uOWqfE/FleK3lN7zS45ap8T8WU4radZtCCOsdCORB7CO+oIlUnLc233nkE3vc31F7m+pJOvPmSfSTQrFuLunY98VvKb3mlzJy1T4n4sJO4ZXDsGRgyNc3VhqGU9hB7aFJTlL9TbNk+MbFFIrKkyjJCU6okHZA1z4fajE6sWB8IZREZyh+l2NZxm8pvefce41Ny/LVPifiyvFbym95pcnlqnxPxY4reU3vNLkctU+J+LHFbym95pcctU+J+LHFbym95pcnlqnxPxY4reU3vNLkctU+J+LHFbym95pcctU+J+LHFbym95pcctU+J+LHFbym95pcnlqnxPxY4reU3vNLjlqnxPxY4reU3vNLjlqnxPxZ4qDEKA3O50GHkxccWKKiFxIrM75FQ8Nyjlri1nC8zbWgZ0mPBbCRGdGwwzxTrYz5jZs2lmclWBCBSLHXQmhUpNsbYKs9jhTYHL/ayRp9JI5S6+DCPaO00Bod78FsmFIXwfAdhiiGHGMmZM82ZXjzH6sARWY20IsTmNCTdYSfAx7QyI+C4Ukk87luCUCcSGOOKNz1EORJXt2q7WsWBAHKdoZeLLky5OI+TKLLlznKVHYtrWHdQlFigFAKAUB5dQRY8qAz8QTMrT6cRbcf98EgDEgd5JCv+8Vb8TWEGFQkmG4uAwEkWLbFvEHCFYuJKEtmim66A83DhLGxtcaUIZLV3d2AudePDZmRbnFqxQZ8PfhksSL3lu/MC+oFCCM717I2XFCHw8gLCdVcJiFlfIUJcIhazBWsMzW7Os17ATcubv4LZUhxSMy8MzWgeZxFJkEWIYWJa4XiLGLmxN1Dc7UBvm3V2GzZIpY3a75V+mkBrGS12BJUBFDZgPYeRC5ZxGxtiPApOIizrhbjJNEjFsi/WPkAzyZ7jKwJ08HUmgIVvtgsLDismDZWh4asCsvFsSWuC9yL2ANgTzB0vYCTQ0AoBQCgFAKApQFaApQFaAUAoBQCgFAeXW4tcjmLg2Oosf0JHtoLHqgFAUoCtAKAA25f/AG9AKAUAoBQCgFAKAUAoBQCgFAKAUAoBQCgFAKAUAoBQCgFAKAUAoBQH/9k=",manual,brasilapi,2026-06-17T17:13:13,,,
9788551012239,Katábasis,"R.F. Kuang, Marina Vargas",Intrínseca,2025,480,pt,"Literatura americana, inferno, Literatura, magia, Fantasia",https://covers.openlibrary.org/b/isbn/9788551012239-L.jpg,openlibrary_isbn,brasilapi,2026-06-17T17:45:03,,,
9786555985337,Parasite Eve,"Hideaki Sena, Ayumi Anraku",DARKSIDE ENTRETENIMENTO LTDA ME,2025,320,pt,"Outras literaturas; literaturas de outros idiomas, ficção-japonesa, terror, Ficção-Científica",https://covers.openlibrary.org/b/isbn/9786555985337-L.jpg,openlibrary_isbn,brasilapi,2026-06-17T17:45:03,,,
9788547001445,A CAMA DE PROCUSTO,"NASSIM NICHOLAS TALEB, Renato Marques",Objetiva,2022,160,pt,"Literatura, Literatura",https://books.google.com/books/content?id=yYdUEAAAQBAJ&printsec=frontcover&img=1&zoom=0,googlebooks_titulo,brasilapi,2026-06-17T17:16:54,,,
9788547001261,A lógica do cisne negro,"Nassim Nicholas Taleb, Renato Marques de Oliveira",Objetiva,2021,528,pt,"Sociologia e antropologia, Psicologia, Sociologia",https://covers.openlibrary.org/b/id/12370542-L.jpg,openlibrary_cover_i,brasilapi,2026-06-17T17:45:04,,,
9788547001087,ANTIFRÁGIL,"Nassim Nicholas Taleb, Renato Marques",Objetiva,2020,616,pt,"Psicologia, Complexidade, incerteza, Liderança",https://books.google.com/books/content?id=h1bgDwAAQBAJ&printsec=frontcover&img=1&zoom=0,googlebooks_titulo,brasilapi,2026-06-17T17:17:13,,,
9788547000967,Iludidos pelo acaso: a influência da sorte nos mercados e na vida,"Nassim Nicholas Taleb, Sérgio Moraes Rego",Objetiva,2019,328,pt,"Economia, ECONOMIA, acaso, sorte, mercado",https://covers.openlibrary.org/b/id/10363413-L.jpg,openlibrary_cover_i,brasilapi,2026-06-17T17:45:04,,,
9788532530165,Quadribol através dos séculos,,Editora Rocco,,,pt,,https://books.google.com/books/content?id=1-shDAAAQBAJ&printsec=frontcover&img=1&zoom=0,googlebooks_titulo,brasilapi,2026-06-17T17:17:56,,,
9788532530158,"Os contos de beedle, o bardo",,Editora Rocco,,,pt,,https://covers.openlibrary.org/b/id/13776199-L.jpg,openlibrary_cover_i,brasilapi,2026-06-17T17:45:05,,,
9788532530172,Animais fantásticos e onde habitam,,Editora Rocco,,,pt,,https://books.google.com/books/content?id=4GGMDgAAQBAJ&printsec=frontcover&img=1&zoom=0,googlebooks_titulo,brasilapi,2026-06-17T17:45:05,,,
9788576573111,Nós,,Editora Aleph,,0,pt,,https://covers.openlibrary.org/b/id/12370815-L.jpg,openlibrary_cover_i,brasilapi,2026-06-17T17:45:06,,,
9788594541758,Alice no País das Maravilhas: classic edition,Lewis Carroll,Darkside Books,,,pt,Literatura infantil,https://covers.openlibrary.org/b/id/10527843-L.jpg,openlibrary_cover_i,brasilapi,2026-06-17T17:45:06,,,
9786555980868,Alice através do espelho,"Lewis Carroll, Marcia Heloisa, John Tenniel",DARKSIDE ENTRETENIMENTO LTDA ME,2021,192,pt,"Literatura inglesa (inclui literatura do Canadá), Alice, Fantasia, ficção-inglesa, Ficção-fantástica",https://books.google.com/books/content?id=yb7hDwAAQBAJ&printsec=frontcover&img=1&zoom=0,googlebooks_titulo,brasilapi,2026-06-17T17:18:56,,,
9786555981346,Porco de Raça,Bruno Ribeiro,DARKSIDE ENTRETENIMENTO LTDA ME,2021,192,pt,"Literatura brasileira, horror",https://www.brincasa.com.br/media/catalog/product/cache/7ccf6df2650dee631d14c96e4a24c962/P/r/Prod341828Img410106.jpg,duckduckgo,brasilapi,2026-06-17T17:45:07,,,
9788594540973,Seres mágicos e histórias sombrias,,Darkside Books,,,pt,Coletânea/Miscelânea,https://covers.openlibrary.org/b/id/12371027-L.jpg,openlibrary_cover_i,brasilapi,2026-06-17T17:45:07,,,
9786555980134,O Jardim Secreto,"Frances Hodgson Burnett, Débora Isidoro, Jéssica Groke",DARKSIDE ENTRETENIMENTO LTDA ME,,,pt,"Literatura inglesa (inclui literatura do Canadá), Literatura, inglesa, infantil",https://covers.openlibrary.org/b/id/12369586-L.jpg,openlibrary_cover_i,brasilapi,2026-06-17T17:45:08,,,
9788564855526,Harda,Cido Rossi,Livrus,2014,292,pt-BR,Juvenile Fiction,https://books.google.com/books/content?id=T2CDAwAAQBAJ&printsec=frontcover&img=1&zoom=0,googlebooks_isbn,googlebooks,2026-06-17T17:19:23,,,
9786555981889,Saboroso cadáver,"Agustina Bazterrica, Ayelén Medail",DARKSIDE ENTRETENIMENTO LTDA ME,2022,192,pt,"Literatura espanhola, ficção-argentina, Literatura, canibalismo, horror",https://books.google.com/books/content?id=toOREQAAQBAJ&printsec=frontcover&img=1&zoom=0,googlebooks_titulo,brasilapi,2026-06-17T17:45:37,,,
9786555980325,O Mágico de Oz: First Edition,"L. Frank Baum, Marcia Heloisa, William Wallace Denslow",DARKSIDE ENTRETENIMENTO LTDA ME,,,pt,"Literatura infanto-juvenil, Infantojuvenil",https://livrariadamente.com.br/wp-content/uploads/2021/05/60.png,duckduckgo,brasilapi,2026-06-17T17:20:01,,,
9786555981742,Ring Shout: grito de liberdade,"P. Djèlí Clark, Bruno Ribeiro",DARKSIDE ENTRETENIMENTO LTDA ME,2022,144,pt,"Racismo, racismo, kkk, organizações, cinema",https://books.google.com/books/content?id=qdw2EQAAQBAJ&printsec=frontcover&img=1&zoom=0,googlebooks_titulo,brasilapi,2026-06-17T17:20:26,,,
9788594541574,A pequena sereia e o reino das ilusões,Louise O'Neill,Darkside Books,,,pt,Outras literaturas; literaturas de outros idiomas,https://i.zst.com.br/thumbs/12/19/12/1458552418.jpg,duckduckgo,brasilapi,2026-06-17T17:45:37,,,
9786555980998,Coração das trevas,"Joseph Conrad, Paulo Raviere, Braziliano Braza, Carlos da Silva Jr.",DARKSIDE ENTRETENIMENTO LTDA ME,2021,176,pt,"Literatura inglesa (inclui literatura do Canadá), ficção-inglesa, COLONIALISMO, África, Literatura",https://covers.openlibrary.org/b/id/12369589-L.jpg,openlibrary_cover_i,brasilapi,2026-06-17T17:45:38,,,
9786555980950,Butcher Boy,"Patrick McCabe, Laura Zúñiga",DARKSIDE ENTRETENIMENTO LTDA ME,2021,208,pt,"Literatura inglesa (inclui literatura do Canadá), Ficção, irlandesa, romance",https://books.google.com/books/content?id=NTSNEAAAQBAJ&printsec=frontcover&img=1&zoom=0,googlebooks_titulo,brasilapi,2026-06-17T17:20:58,,,
9788594540799,"H.P. Lovecraft: medo clássico, cosmic edition",H.P. Lovecraft,Darkside Books,,,pt,Literatura americana,https://covers.openlibrary.org/b/id/12371025-L.jpg,openlibrary_cover_i,brasilapi,2026-06-17T17:45:38,,,
9786555981407,H.P. Lovecraft — Vol. 2: Medo Clássico,"Howard Phillips Lovecraft, Ramon Mapa, Virgil Finley",DARKSIDE ENTRETENIMENTO LTDA ME,2021,400,pt,"Literatura americana, terror, Literatura, Ficção",https://skoob.s3.amazonaws.com/livros/12014408/HP_LOVECRAFT_MEDO_CLASSICO__163301873612014408SK-V11633018738B.jpg,duckduckgo,brasilapi,2026-06-17T17:45:39,,,
9788594541697,Medo imortal,"Machado de Assis, Júlia Lopes de Almeida, João do Rio",Darkside Books,,,pt,Literatura brasileira,https://covers.openlibrary.org/b/id/10857970-L.jpg,openlibrary_cover_i,brasilapi,2026-06-17T17:45:39,,,
9786555982268,Mefisto,"Klaus Mann, Claudia Abeling, Ramon Rodrigues, Paulo Raviere",DARKSIDE ENTRETENIMENTO LTDA ME,2022,352,pt,"Literatura alemã (inclui todos os países de língua alemã), Ficção-alemã, nazismo",https://darkside.vtexassets.com/arquivos/ids/191089/Mefisto-capa.png?v=638092360002200000,manual,brasilapi,2026-06-17T17:21:24,,,
9788546902712,As crônicas de Nárnia,,Editora WMF Martins Fontes,,0,pt,,https://books.google.com/books/content?id=j9KeEQAAQBAJ&printsec=frontcover&img=1&zoom=0,googlebooks_titulo,brasilapi,2026-06-17T17:45:40,,,
9788532531025,Harry Potter e o prisioneiro de Azkaban,,Editora Rocco,,,pt,,https://books.google.com/books/content?id=qDYQCwAAQBAJ&printsec=frontcover&img=1&zoom=0,googlebooks_titulo,brasilapi,2026-06-17T17:45:40,,,
9788532531544,Harry Potter e o cálice de fogo,,Rocco,,,pt,,https://covers.openlibrary.org/b/id/12059372-L.jpg,openlibrary_cover_i,brasilapi,2026-06-17T17:45:41,,,
9786555322569,Harry Potter e a Ordem da Fênix - Ilustrado,"J.K Rowling, Lia Wyler, Jim Kay, Neil Packer",Rocco,2022,350,pt,"Literatura infanto-juvenil, HP-Ilustrado",https://images.tcdn.com.br/img/img_prod/1169092/harry_potter_e_a_ordem_da_fenix_edicao_capa_dura_ilustrada_51529_1_6550258860b4b2121392fbcb74b0b1c0.jpg,duckduckgo,brasilapi,2026-06-17T17:22:19,,,
9788532530271,Harry Potter e a pedra folosofal,"J.K. Rowling, Lia Wyler",Editora Rocco,,,pt,"Literatura infanto-juvenil, Harry-Potter",https://covers.openlibrary.org/b/isbn/9788532530271-L.jpg,openlibrary_isbn,brasilapi,2026-06-17T17:45:42,,,
9788532530554,Harry Potter e a câmara secreta,,Editora Rocco,,,pt,,https://covers.openlibrary.org/b/id/15158664-L.jpg,openlibrary_cover_i,brasilapi,2026-06-17T17:45:42,,,
9788522107575,LÓGICA DE PROGRAMAÇÃO E DESIGN - TRADUÇÃO DA 5ª ED. NORTE-AMERICANA,,Cengage Learning,,0,pt,,https://image.isu.pub/111110193905-3fb26960051a4cfba516232bdc4a0577/jpg/page_16_social_preview.jpg,duckduckgo,brasilapi,2026-06-17T17:23:47,,,
9788575221525,SHELL SCRIPT PROFISSIONAL,,Novatec Editora,,0,pt,,https://books.google.com/books/content?id=snmJepzoNfgC&printsec=frontcover&img=1&zoom=0,googlebooks_isbn,brasilapi,2026-06-17T17:45:42,,,
9788537801161,UMA SENHORA TOMA CHÁ .... : COMO A ESTATÍSTICA REVOLUCIONOU A CIÊNCIA NO SÉCULO XX,,Zahar,,0,pt,,https://covers.openlibrary.org/b/id/580975-L.jpg,openlibrary_cover_i,brasilapi,2026-06-17T17:45:43,,,
9780262035613,Deep Learning,"Ian Goodfellow, Yoshua Bengio, Aaron Courville, Francis Bach",MIT Press,2016,800,eng,"Machine learning, Apprentissage automatique, Computers and IT, Maschinelles Lernen, Deep learning (Machine learning)",https://books.google.com/books/content?id=Np9SDQAAQBAJ&printsec=frontcover&img=1&zoom=0,googlebooks_isbn,openlibrary,2026-06-17T17:24:04,,,
9780534391881,Statistics for management and economics,"Gerald Keller, Brian Warrack",Wadsworth Publishing,1988,948,eng,"Statistical methods, Management, Economics, open_syllabus_project, Economie politique",https://covers.openlibrary.org/b/isbn/9780534391881-M.jpg,openlibrary_isbn,openlibrary,2026-06-17T17:24:08,,,
9788521617297,INTELIGÊNCIA ARTIFICIAL,,LTC-LIVROS TECNICOS E CIENTIFICOS EDITORA LDA,,0,pt,,https://books.google.com/books/content?id=9HrxEAAAQBAJ&printsec=frontcover&img=1&zoom=0,googlebooks_titulo,brasilapi,2026-06-17T17:24:29,,,
9788550804682,Storytelling com dados: um guia sobre visualização de dados para profissionais de negócios,,Alta Books,,0,pt,,https://covers.openlibrary.org/b/isbn/9788550804682-L.jpg,openlibrary_isbn,brasilapi,2026-06-17T17:45:43,,,
9786555203370,Python para data science e machine learning,"Francisco Marcelo de Barros Maciel, Amilcar de Abreu Netto",Alta Books,,,pt,"Administração e serviços auxiliares, Python",https://imagens.disal.com.br/produtos/ampliada/9289722.jpg,duckduckgo,brasilapi,2026-06-17T17:24:41,,,
9788576089728,Data science para negócios: o que você precisa saber sobre dta mining e pensamento analítico de dados,,Alta Books,,0,pt,,https://m.media-amazon.com/images/I/61qn0sroQFL._SL1000_.jpg,duckduckgo,brasilapi,2026-06-17T17:45:44,,,
9788575228050,Problemas clássicos de ciência da computação com Python,,Novatec Editora,,0,pt,,https://books.google.com/books/content?id=YAqwDwAAQBAJ&printsec=frontcover&img=1&zoom=0,googlebooks_isbn,brasilapi,2026-06-17T17:45:44,,,
9780984782857,Cracking The Coding Interview,Gayle Laakmann McDowell,CAREERCUP,2010,504,eng,"Problems, exercises, Computer programming, Vocational guidance, Employment interviewing, Computer programmers",https://covers.openlibrary.org/b/id/7276811-L.jpg,openlibrary_cover_i,openlibrary,2026-06-17T17:24:59,,,
9788550804606,Arquitetura limpa: o guia do artesão paraestrutura e design de software,,Alta Books,,0,pt,,https://covers.openlibrary.org/b/id/13889303-L.jpg,openlibrary_cover_i,brasilapi,2026-06-17T17:45:45,,,
9788576082675,CÓDIGO LIMPO,,Alta Books,,0,pt,,https://covers.openlibrary.org/b/id/12004890-L.jpg,openlibrary_cover_i,brasilapi,2026-06-17T17:45:45,,,
9786598977832,"Python Fluente, 2ª edição — Vol. 2",Luciano Ramalho,Heinar Gonçalves,2025,403,pt,"Ciência da Computação, Código, Programação",https://ramalho.org/posts/pythonfluente2e-no-catarse/capa-LR-3-volumes.png,duckduckgo,brasilapi,2026-06-17T17:25:40,,,
9780578973838,Ace the Data Science Interview,"Nick Singh, Kevin Huo",Ace the Data Science Interview,2021,301,eng,,https://covers.openlibrary.org/b/id/11942032-L.jpg,openlibrary_cover_i,openlibrary,2026-06-17T17:25:45,,,
9786586057102,Projetos de ciência de dados com Python,"Stephen Klosterman, Rubens Prates",Ana Carolina Prates,,,pt,"Ciência da Computação, ciência, de, dados, Python",https://books.google.com/books/content?id=GLTfDwAAQBAJ&printsec=frontcover&img=1&zoom=0,googlebooks_isbn,brasilapi,2026-06-17T17:45:45,,,
9781617296864,"Deep Learning with Python, Second Edition",François Chollet,Manning Publications Co. LLC,2021,400,eng,,https://covers.openlibrary.org/b/isbn/9781617296864-L.jpg,openlibrary_isbn,openlibrary,2026-06-17T17:26:27,,,
9788575229316,Entendendo Estruturas de Dados,"Marcello La Rocca, Rubens Prates, Aldir Coelho",Novatec Editora,2025,304,pt,"Tecnologia (ciências aplicadas), dados",https://books.google.com/books/content?id=xGWDEQAAQBAJ&printsec=frontcover&img=1&zoom=0,googlebooks_isbn,brasilapi,2026-06-17T17:45:46,,,
9781491963043,Applied Text Analysis with Python,"Benjamin Bengfort, Rebecca Bilbro, Tony Ojeda",O’Reilly Media,2018,332,eng,"Natural language processing (Computer science), Python (Computer program language), Machine learning, Python (computer program language), Natural language processing (computer science)",https://covers.openlibrary.org/b/id/8510836-L.jpg,openlibrary_cover_i,openlibrary,2026-06-17T17:26:35,,,
9788576088028,Lógica para leigos,,Alta Books,,0,pt,,https://indicalivros.com/livros/logica-para-leigos-mark-zegarelli/logica-para-leigos-mark-zegarelli-capa.webp,duckduckgo,brasilapi,2026-06-17T17:35:39,,,
9786555522631,Para ensinar e aprender xadrez,Adriano Caldera,Principis ,2021,192,pt,"Literatura infantil, XADREZ, princípios, Jogadas",https://m.media-amazon.com/images/I/71vc7jzRgEL._SL1500_.jpg,duckduckgo,brasilapi,2026-06-17T17:36:15,,,
9788569032601,Tetris,Box Brown,Editora Mino,,,pt,Cartoons; caricaturas e quadrinhos,https://books.google.com/books/content?id=LJCSDAEACAAJ&printsec=frontcover&img=1&zoom=0,googlebooks_titulo,brasilapi,2026-06-17T17:45:46,,,
9788555193347,Engenharia de Software para Ciência de Dados,"Marcos Kalinowski, Tatiana Escovedo, Hugo Villamizar, Hélio Lopes, Vivian Matsui",AOVS SISTEMAS DE INFORMATICA LTDA.,2023,496,pt,"Ciência da Computação, Machine, Learning, Estatísticas, dados",https://books.google.com/books/content?id=0y-9EAAAQBAJ&printsec=frontcover&img=1&zoom=0,googlebooks_titulo,brasilapi,2026-06-17T17:36:34,,,
9788595082311,O livro de ouro da mitologia: história de deuses e heróis,,HarperCollins Brasil,,0,pt,,https://covers.openlibrary.org/b/id/4918564-L.jpg,openlibrary_titulo,brasilapi,2026-06-17T17:36:40,,,
9780393866865,Four Battlegrounds,Paul Scharre,"Norton & Company Limited, W. W.",2023,,eng,,https://covers.openlibrary.org/b/id/13161914-L.jpg,openlibrary_cover_i,openlibrary,2026-06-17T17:36:53,,,
9788592795788,O céu de pedra,,Editora Morro Branco ,,0,pt,,https://covers.openlibrary.org/b/id/8191910-L.jpg,openlibrary_cover_i,brasilapi,2026-06-17T17:44:38,,,
9788592795238,A quinta estação,,Editora Morro Branco ,,0,pt,,https://covers.openlibrary.org/b/isbn/9788592795238-L.jpg,openlibrary_isbn,brasilapi,2026-06-17T17:44:38,,,
9788575597309,Como ser anticapitalista no século XXI?,,Boitempo,,0,pt,,https://books.google.com/books/content?id=mV7GDwAAQBAJ&printsec=frontcover&img=1&zoom=0,googlebooks_titulo,brasilapi,2026-06-17T17:44:39,,,
9788535906097,OLHAI OS LIRIOS DO CAMPO,,Companhia das Letras,,0,pt,,https://covers.openlibrary.org/b/isbn/9788535906097-L.jpg,openlibrary_isbn,brasilapi,2026-06-17T17:44:39,,,
9788501028723,O amor nos tempos do cólera,Gabriel García Márquez,Editora Record,1986,432,pt,"Literatura, solidão, Cólera, Chile, colombia",https://books.google.com/books/content?id=PQiQDwAAQBAJ&printsec=frontcover&img=1&zoom=0,googlebooks_titulo,brasilapi,2026-06-17T17:44:40,,,
9788574321783,,,,,,,,https://marketplace.canva.com/EAFI8A8C6_s/1/0/1003w/canva-capa-de-livro-infantil-aventura-abstrato-colorido-hwEQgVR4U4g.jpg,duckduckgo,nao_encontrado,2026-06-18T15:20:22,,,
9786556928586,Coisa de rico,Michel Alcoforado,Todavia Editora,2025,240,pt,"Literatura brasileira, Literatura, Brasileira, Brasil, dinheiro",https://covers.openlibrary.org/b/isbn/9786556928586-L.jpg,openlibrary_isbn,brasilapi,2026-06-18T15:20:32,,,
9788576087793,Business model you: o modelo de negócios pessoal,,Alta Books,,0,pt,,https://covers.openlibrary.org/b/id/10482742-L.jpg,openlibrary_titulo,brasilapi,2026-06-18T15:20:33,,,
9786555983852,(mor.te) sf.: lembranças vivas do que fomos,"Hayley Campbell, Monique D'Orazio",DARKSIDE ENTRETENIMENTO LTDA ME,2024,304,pt,"Biografias, morte, PROFISSIONAIS, agentes, Funerais",https://darkside.vtexassets.com/arquivos/ids/195340/morte_sf_lembrancas_loja_1.png?v=638519819345630000,duckduckgo,brasilapi,2026-06-18T15:20:55,,,
9780761929987,Narrative methods for the human sciences,Catherine Kohler Riessman,Sage Publications,2007,251,eng,"Narrative inquiry (Research method), Metodik, Social identity, Sozialwissenschaften, Methodology and techniques",https://covers.openlibrary.org/b/isbn/9780761929987-M.jpg,openlibrary_isbn,openlibrary,2026-06-18T15:21:52,,,
9780761949961,The Sage handbook of organization studies,Stewart Clegg,Sage Publications,2006,908,eng,"Organization, Management, Organizational sociology, Organizational behavior",https://covers.openlibrary.org/b/isbn/9780761949961-M.jpg,openlibrary_isbn,openlibrary,2026-06-18T15:21:59,,,
9788551006153,O capital e a ideologia,,Intrínseca,,0,pt,,https://covers.openlibrary.org/b/id/9335113-L.jpg,openlibrary_cover_i,brasilapi,2026-06-18T15:22:01,,,
9788539306916,"Capitalismo, socialismo e democracia",Joseph A. Schumpeter,EDITORA UNESP,,,pt,Economia,https://books.google.com/books/content?id=Cf1QDwAAQBAJ&printsec=frontcover&img=1&zoom=0,googlebooks_titulo,brasilapi,2026-06-18T15:22:12,,,
9786557131152,Sociologia geral — Vol. 2: Habitus e Campo,"Pierre Bourdieu, Fábio Ribeiro, Edição estabelecida por Patrick Champagne, Julien Duval, Franck Poupeau e Marie-Christine Rivière",Editora Vozes ,2021,496,pt,"Ciências sociais, Sociologia, geral, Curso, Bourdieu",https://books.google.com/books/content?id=PvpTEAAAQBAJ&printsec=frontcover&img=1&zoom=0,googlebooks_titulo,brasilapi,2026-06-18T15:22:26,,,
9786557130513,Sociologia geral — Vol. 1,"Pierre Bourdieu, Fábio Ribeiro",Editora Vozes ,,,pt,"Sociologia e antropologia, Sociologia, geral, Curso, Bourdieu",https://d3ugyf2ht6aenh.cloudfront.net/stores/001/133/453/products/e89dc552-d776-4def-b3a1-d15b524f98d4-399632f57796a55c7816944445384532-640-0.jpg,duckduckgo,brasilapi,2026-06-18T15:22:42,,,
9788582850039,O estado empreendedor: desmascarando o mito do setor público vs. privado,,Penguin-Companhia das Letras,,0,pt,,https://imgv2-1-f.scribdassets.com/img/document/356681687/original/aa99c9d931/1?v=1,duckduckgo,brasilapi,2026-06-18T15:23:01,,,
9788539301348,Fronteiras de tensão: Política e violências nas periferias de São Paulo,Gabriel de Santis Feltran,EDITORA UNESP,,,pt,Organizações gerais (academias; fundações; associações),https://m.media-amazon.com/images/I/A1CDz01SDaL._SL1500_.jpg,duckduckgo,brasilapi,2026-06-18T15:23:22,,,
9788543107325,A psicologia do dinheiro,,Editora Sextante,,0,pt,,https://books.google.com/books/content?id=SNuZDwAAQBAJ&printsec=frontcover&img=1&zoom=0,googlebooks_titulo,brasilapi,2026-06-18T15:23:39,,,
9788543109992,Previsivelmente irracional,"Dan Ariely, Ivo Korytowski",Editora Sextante,2020,304,pt,"Psicologia, Psicologia",https://books.google.com/books/content?id=wMb1DwAAQBAJ&printsec=frontcover&img=1&zoom=0,googlebooks_titulo,brasilapi,2026-06-18T15:23:55,,,
9788572443166,DICIONÁRIO DE SEMIÓTICA,,Editora Contexto,,0,pt,,https://m.media-amazon.com/images/I/61-XM39ehYL._SL1438_.jpg,duckduckgo,brasilapi,2026-06-18T15:24:08,,,
9788572442626,DIOCIONARIO DE ANALISE DO DISCURSO,,Editora Contexto,,0,pt,,https://img.perlego.com/book-covers/5108581/9788572442626_300_450.webp,duckduckgo,brasilapi,2026-06-18T15:24:28,,,
9788592886851,Argonautas do Pacífico Ocidental,Bronis?aw Malinowski,Ubu Editora,,,pt,Ciências sociais,https://m.media-amazon.com/images/I/71AcaJXb8WL._SL1500_.jpg,duckduckgo,brasilapi,2026-06-18T15:24:49,,,
9788580572698,Inferno,,Intrínseca,,0,pt,,https://books.google.com/books/content?id=f1YvDwAAQBAJ&printsec=frontcover&img=1&zoom=0,googlebooks_titulo,brasilapi,2026-06-18T15:25:07,,,
9786589548003,Manual da redação,"Folha de S.Paulo, Vários",Publifolha,2021,512,pt,"Jornalismo; Publicidade; Jornais, jornalismo, jornais, normas, de",https://a-static.mlcdn.com.br/800x560/manual-da-redacao-folha-de-sao-paulo/livrariamartinsfontespaulista/833973/db4b97481f9c27f1fe58f65089f00b77.jpg,duckduckgo,brasilapi,2026-06-18T15:25:22,,,
9788532649188,A pesquisa sociológica,,Editora Vozes ,,0,pt,,https://m.media-amazon.com/images/I/41kSykO5OeL._SY445_SX342_ML2_.jpg,duckduckgo,brasilapi,2026-06-18T15:25:42,,,
9786557135099,Teoria Sociológica Contemporânea,"Carlos Eduardo Sell, Carlos Benedito Martins",Editora Vozes ,2022,573,pt,"Ciências sociais, teoria, sociológica, micro, MACRO",https://books.google.com/books/content?id=lzaVEAAAQBAJ&printsec=frontcover&img=1&zoom=0,googlebooks_titulo,brasilapi,2026-06-18T15:26:01,,,
9788574482231,Homens e mulheres da idade média,,Editora Estação Liberdade,,0,pt,,https://cdn.awsli.com.br/2500x2500/765/765972/produto/150132656/2d9db5c4b1.jpg,duckduckgo,brasilapi,2026-06-18T15:26:15,,,
9788535925661,Brasil: uma biografia,,Companhia das Letras,,0,pt,,https://books.google.com/books/content?id=wHr5CAAAQBAJ&printsec=frontcover&img=1&zoom=0,googlebooks_titulo,brasilapi,2026-06-18T15:26:34,,,
9788580490121,A distinção: Crítica social do julgamento,Pierre Bourdieu,EDITORA ZOUK,,,pt,Ciências sociais,https://books.google.com/books/content?id=TuvHFt2hxF0C&printsec=frontcover&img=1&zoom=0,googlebooks_titulo,brasilapi,2026-06-18T15:26:52,,,
9788543104904,1001 séries de TV para assistir antes de morrer,,Editora Sextante,,0,pt,,https://images.tcdn.com.br/img/img_prod/1073155/1001_series_de_tv_para_assistir_antes_de_morrer_23111_1_ef8692ef2510d3495c6485a2e0bc29d1.jpg,duckduckgo,brasilapi,2026-06-18T15:27:06,,,
9788575429198,1001 videogames para jogar antes de morrer,,Editora Sextante,,0,pt,,https://down-br.img.susercontent.com/file/br-11134207-81z1k-mid59nf20nb59c,duckduckgo,brasilapi,2026-06-18T15:27:28,,,
9788535925029,Os inovadores: uma biografia da revolução digital,,Companhia das Letras,,0,pt,,https://books.google.com/books/content?id=3x0REAAAQBAJ&printsec=frontcover&img=1&zoom=0,googlebooks_titulo,brasilapi,2026-06-18T15:27:50,,,
9786555606454,Elon Musk,"Walter Isaacson, Rogerio W. Galindo",Intrínseca,2023,656,pt,"Biografias, tecnologia, tesla, Elon",https://books.google.com/books/content?id=6_mzEAAAQBAJ&printsec=frontcover&img=1&zoom=0,googlebooks_titulo,brasilapi,2026-06-18T15:28:05,,,
9786555603323,Steve Jobs,"Walter Isaacson, Rogerio W. Galindo",Intrínseca,2021,608,pt,"Biografias, Biografia, Steve, jobs, tecnologia",https://books.google.com/books/content?id=ItmnBAAAQBAJ&printsec=frontcover&img=1&zoom=0,googlebooks_titulo,brasilapi,2026-06-18T15:28:18,,,
9788576573135,Duna,,Editora Aleph,,0,pt,,https://covers.openlibrary.org/b/id/11481354-L.jpg,openlibrary_cover_i,brasilapi,2026-06-18T15:28:31,,,
9788576573821,Messias de Duna,,Editora Aleph,,0,pt,,https://covers.openlibrary.org/b/id/2421405-L.jpg,openlibrary_cover_i,brasilapi,2026-06-18T15:28:41,,,
9788576573142,Filhos de duna,,Editora Aleph,,0,pt,,https://books.google.com/books/content?id=h82uCgAAQBAJ&printsec=frontcover&img=1&zoom=0,googlebooks_titulo,brasilapi,2026-06-18T15:28:53,,,
9786557530290,Paulo Freire #Presente,"Rogério Faria, Ricardo Sousa, Jefferson Costa, Ren Nolasco",Editora Draco,2022,96,pt,"Cartoons; caricaturas e quadrinhos, PAULO, Freire, Educação",https://editoradraco.com.br/wp-content/uploads/2025/02/paulo-freire-capa1.jpg,duckduckgo,brasilapi,2026-06-18T15:29:08,,,
9786587817316,O Grande Livro da Mitologia Egípcia,Claudio Blanc,Camelot Editora,2021,164,pt,"Hábito de leitura, Grande, livro, mitologia, egípcia",https://books.google.com/books/content?id=MRjDzwEACAAJ&printsec=frontcover&img=1&zoom=0,googlebooks_isbn,brasilapi,2026-06-18T15:29:22,,,
9781492087915,Data Science at the Command Line,Jeroen Janssens,"O'Reilly Media, Incorporated",2021,250,eng,,https://books.google.com/books/content?id=fHw8zgEACAAJ&printsec=frontcover&img=1&zoom=0,googlebooks_isbn,openlibrary,2026-06-18T15:29:43,,,
9788575229903,Construindo Aplicações com Agentes de IA,"Michael Albada, Cláudio José Adas, Rubens Prates",Novatec Editora,2026,360,pt,"Tecnologia (ciências aplicadas), inteligência, artificial",https://books.google.com/books/content?id=rCrMEQAAQBAJ&printsec=frontcover&img=1&zoom=0,googlebooks_isbn,brasilapi,2026-06-18T15:29:53,,,
9780241956878,The Earthsea quartet,Ursula K. Le Guin,Victor Gollancz,1977,704,eng,"Magic, American Science fiction, Juvenile fiction, Fiction, Fantasy",https://books.google.com/books/content?id=cIMdYAAACAAJ&printsec=frontcover&img=1&zoom=0,googlebooks_isbn,openlibrary,2026-06-18T15:30:10,,,
9788537817643,Ruptura: a crise da democracia liberal,,Zahar,,0,pt,,https://covers.openlibrary.org/b/id/12370164-L.jpg,openlibrary_cover_i,brasilapi,2026-06-18T15:30:22,,,
9788525415332,ALBERTO COEIRO,,Lpm Editores,,0,pt,,https://cdn.slidesharecdn.com/ss_thumbnails/fernandopessoaheternimo-100218123436-phpapp01-thumbnail.jpg?width=640&height=640&fit=bounds,duckduckgo,brasilapi,2026-06-18T15:30:33,,,
9781493226900,Generative AI with Python,Bert Gollnick,Rheinwerk Computing,2025,0,en,Computers,https://books.google.com/books/content?id=JU8b0QEACAAJ&printsec=frontcover&img=1&zoom=0,googlebooks_isbn,googlebooks,2026-06-19T14:52:55,,,
9788575229767,IA Generativa para Desenvolvimento de Software,"Sergio Pereira, Rubens Prates, Eveline Vieira Machado, Evelin Kolb",Novatec Editora,2025,152,pt,"Tecnologia (ciências aplicadas), IA, Generativa, Desenvolvimento, de",https://books.google.com/books/content?id=jtGUEQAAQBAJ&printsec=frontcover&img=1&zoom=0,googlebooks_isbn,brasilapi,2026-06-19T14:53:06,,,
9788575228647,O Catálogo de Dados Corporativo,"Ole Olesen-Bagneux, Márcio Martins, Rubens Prates",Novatec Editora,2023,224,pt,"Tecnologia (ciências aplicadas), dados, GOVERNANÇA, Inovação",https://books.google.com/books/content?id=AITZEAAAQBAJ&printsec=frontcover&img=1&zoom=0,googlebooks_isbn,brasilapi,2026-06-19T14:53:19,,,
9788575229521,Python Poderoso,"Aaron Maxwell, Rubens Prates, Aldir Coelho",Novatec Editora,2025,101,pt,"Tecnologia (ciências aplicadas), Python",https://books.google.com/books/content?id=hXJUEQAAQBAJ&printsec=frontcover&img=1&zoom=0,googlebooks_isbn,brasilapi,2026-06-19T14:53:30,,,
9788550821825,Blueprints De Aprendizado De Máquina E Ciência De Dados Para Finanças,"Hariom Tatsat, Sahil Pur, Brad Lookabaugh",Alta Books,2024,416,pt,"Administração e serviços auxiliares, Machine, Learning, data, science",https://images.tcdn.com.br/img/img_prod/1169092/blueprints_de_aprendizado_de_maquina_e_ciencia_de_dados_para_financas_dese_70203_1_d424f7ee476c61b7b6fe7e7ed6c4a167.jpg,duckduckgo,brasilapi,2026-06-19T14:53:41,,,
9788575228760,Fundamentos de Engenharia de Dados,"Joe Reis, Matt Housley, Rubens Prates, Márcio Martins",Novatec Editora,2023,528,pt,"Tecnologia (ciências aplicadas), dados",https://books.google.com/books/content?id=J1viEAAAQBAJ&printsec=frontcover&img=1&zoom=0,googlebooks_isbn,brasilapi,2026-06-19T14:54:01,,,
9788575228821,Aprendendo Git,"Anna Skoulikari, Aldir Coelho Corrêa da Silva, Rubens Prates, Tássia Carvalho",Novatec Editora,2024,296,pt,"Tecnologia (ciências aplicadas), Git",https://books.google.com/books/content?id=cf3uEAAAQBAJ&printsec=frontcover&img=1&zoom=0,googlebooks_isbn,brasilapi,2026-06-19T14:54:14,,,
9786586057041,Migrando sistemas monolíticos para microsserviços,"Sam Newman, Lúcia A. Kinoshita, Tássia Carvalho, Carolina Kuwabata, Rubens Prates",Novatec Editora,,,pt,"Ciência da Computação, microsserviços, sistema, monolítico, entrega",https://books.google.com/books/content?id=4cjYDwAAQBAJ&printsec=frontcover&img=1&zoom=0,googlebooks_isbn,brasilapi,2026-06-19T14:54:28,,,
9781492079392,Data Science on AWS,"Chris Fregly, Antje Barth",O'Reilly Media,2021,524,eng,Mathematics,https://covers.openlibrary.org/b/id/11085790-L.jpg,openlibrary_cover_i,openlibrary,2026-06-19T14:54:43,,,
9781493224258,Hacking & Security,"Michael Kofler, André Zingsheim, Klaus Gebeshuber, Markus Widl, Roland Aigner, Thomas Hackner, Stefan Kania, Peter Kloep, Frank Neugebauer",Rheinwerk Publishing Inc.,2018,,eng,,https://covers.openlibrary.org/b/isbn/9781493224258-L.jpg,openlibrary_isbn,openlibrary,2026-06-19T14:54:57,,,
9781493226795,SQL,Kerem Koseoglu,Rheinwerk Computing,2025,0,en,Computers,https://books.google.com/books/content?id=1Vr_0AEACAAJ&printsec=frontcover&img=1&zoom=0,googlebooks_isbn,googlebooks,2026-06-19T14:55:03,,,
9781493225590,Python for Engineering and Scientific Computing,Veit Steinkamp,Rheinwerk Publishing Inc.,2024,,eng,"Technology, Computer software",https://books.google.com/books/content?id=9cZa0AEACAAJ&printsec=frontcover&img=1&zoom=0,googlebooks_isbn,openlibrary,2026-06-19T14:55:15,,,
9781493222896,Git,"Bernd Öggl, Michael Kofler",Rheinwerk Publishing Inc.,2022,,eng,"Technology, Computer software",https://books.google.com/books/content?id=cVI5zwEACAAJ&printsec=frontcover&img=1&zoom=0,googlebooks_isbn,openlibrary,2026-06-19T14:55:29,,,
9781493226467,Kubernetes,Kevin Welter,Rheinwerk Computing,2024,0,en,Computers,https://books.google.com/books/content?id=VrnJ0AEACAAJ&printsec=frontcover&img=1&zoom=0,googlebooks_isbn,googlebooks,2026-06-19T14:55:46,,,
9781493225569,Scripting,Michael Kofler,SAP PRESS,2024,0,en,Computers,https://books.google.com/books/content?id=ROVV0AEACAAJ&printsec=frontcover&img=1&zoom=0,googlebooks_isbn,googlebooks,2026-06-19T14:56:06,,,
9781493223831,Docker,"Michael Kofler, Bernd Öggl",Rheinwerk Verlag GmbH,2018,,eng,,https://books.google.com/books/content?id=knBkzwEACAAJ&printsec=frontcover&img=1&zoom=0,googlebooks_isbn,openlibrary,2026-06-19T14:56:23,,,
9781493224999,Linux,Michael Kofler,Rheinwerk Publishing Inc.,2024,,eng,"Technology, Computer software",https://books.google.com/books/content?id=haOQ0AEACAAJ&printsec=frontcover&img=1&zoom=0,googlebooks_isbn,openlibrary,2026-06-19T14:56:43,,,
9788550821733,Visualização de Dados com Python e JavaScript - Tradução da 2ª Edição,Kyran Dale,Alta Books,2024,544,pt,"Administração e serviços auxiliares, data, Visualization, Python, JavaScript","https://m.media-amazon.com/images/S/aplus-media-library-service-media/9e770bb5-bc6e-4e89-b3e0-81ba9f27e645.__CR0,0,970,300_PT0_SX970_V1___.jpg",duckduckgo,brasilapi,2026-06-19T14:56:53,,,
9788573264241,A divina comédia: edição de bolso,,Editora 34,,0,pt,,https://images-na.ssl-images-amazon.com/images/I/716wWdLFZ7L.jpg,duckduckgo,brasilapi,2026-06-19T14:57:13,,,
9786580309313,Torto arado,Itamar Vieira Junior,Todavia Editora,2019,264,pt,"Literatura brasileira, Literatura, Brasileira",https://covers.openlibrary.org/b/id/12369648-L.jpg,openlibrary_cover_i,brasilapi,2026-06-19T14:57:29,,,
9788542801842,A única coisa,,Novo Século,,0,pt,,https://books.google.com/books/content?id=TDkfEAAAQBAJ&printsec=frontcover&img=1&zoom=0,googlebooks_titulo,brasilapi,2026-06-19T14:57:39,,,
9788575423387,O SEGREDO DE LUÍSA,,Editora Sextante,,0,pt,,https://books.google.com/books/content?id=ai-nEAAAQBAJ&printsec=frontcover&img=1&zoom=0,googlebooks_titulo,brasilapi,2026-06-19T14:57:56,,,
9788542211771,Novas formas de amar,,Editora Planeta do Brasil,,0,pt,,https://books.google.com/books/content?id=9bICEQAAQBAJ&printsec=frontcover&img=1&zoom=0,googlebooks_titulo,brasilapi,2026-06-19T14:58:10,,,
9786559577897,Os fundadores da filosofia Ocidental,"Leonard Peikoff, Michael S. Berliner, Mariane Schilling Saraiva",Faro Editorial,2025,608,pt,"Filosofia e disciplinas relacionadas, filosofia, ciências, sociais",https://books.google.com/books/content?id=X1RQEQAAQBAJ&printsec=frontcover&img=1&zoom=0,googlebooks_titulo,brasilapi,2026-06-19T14:58:23,,,
9788546900039,Ferreiro de bosque grande,,Editora WMF Martins Fontes,,0,pt,,https://images-na.ssl-images-amazon.com/images/I/71gFF3XJR9L.jpg,duckduckgo,brasilapi,2026-06-19T14:58:41,,,
9788501083654,A história secreta de Tom Coração Leal,,Editora Record,,0,pt,,https://livrarialoyola.fbitsstatic.net/img/p/a-historia-secreta-de-tom-coracao-leal-vol-1-369151/563940.jpg?w=800&h=800&v=no-change&qs=ignore,duckduckgo,brasilapi,2026-06-19T14:58:59,,,
9788535920185,O xá dos xás,,Companhia das Letras,,0,pt,,https://livrada.com.br/wp-content/uploads/2014/10/ryszard_kapuscinski.jpg,duckduckgo,brasilapi,2026-06-19T14:59:21,,,
9786586490626,Desobediência Civil,"Henry Davi Thoreau, Mateus Acioli, Andre Czarnobai, Adriane Piscitelli, Victoria Rebello, Roberto Jannarelli, Daniel Lameira",Editora Antofágica LTDA,2022,224,pt,"Literatura americana, Desobediência, Civil, henry, DAVID",https://covers.openlibrary.org/b/isbn/9786586490626-L.jpg,openlibrary_isbn,brasilapi,2026-06-19T14:59:42,,,
9788572327534,DISCURSO DO MÉTODO: MEDITAÇÕES,,Editora Martin Claret,,0,pt,,https://books.google.com/books/content?id=k4YfEAAAQBAJ&printsec=frontcover&img=1&zoom=0,googlebooks_titulo,brasilapi,2026-06-19T14:59:43,,,
9788546900527,A história de Kullervo,,Editora WMF Martins Fontes,,0,pt,,https://down-br.img.susercontent.com/file/8919e75732d1e37fa8ae435980be8772,duckduckgo,brasilapi,2026-06-19T14:59:57,,,
9788571832640,COMUNICAÇÃO NÃO VIOLENTA,MARSHALL B. ROSENBERG,Editora Ágora,2021,280,pt,"Psicologia, Não, violência",https://books.google.com/books/content?id=5MnT0AEACAAJ&printsec=frontcover&img=1&zoom=0,googlebooks_isbn,brasilapi,2026-06-19T15:00:17,,,
9788578271121,O HOBBIT,,Editora WMF Martins Fontes,,0,pt,,https://books.google.com/books/content?id=2LeZDwAAQBAJ&printsec=frontcover&img=1&zoom=0,googlebooks_titulo,brasilapi,2026-06-19T15:00:32,,,
9781101967034,Childhood’s End,Arthur C. Clarke,Audible,1952,222,eng,"Human-alien encounters, Fiction, Science fiction, Long Now Manual for Civilization, Human evolution",https://covers.openlibrary.org/b/id/210200-L.jpg,openlibrary_cover_i,openlibrary,2026-06-19T15:00:52,,,
9788532649966,Sociedade do cansaço,,Editora Vozes ,,0,pt,,https://covers.openlibrary.org/b/isbn/9788532649966-L.jpg,openlibrary_isbn,brasilapi,2026-06-19T15:01:04,,,
9780062225672,The Colour of Magic,Terry Pratchett,Debolsillo,1983,240,eng,"Discworld (Imaginary place), Fiction, Romans, Merveilleux, Fantasy",https://covers.openlibrary.org/b/id/14647238-L.jpg,openlibrary_cover_i,openlibrary,2026-06-19T15:01:14,,,
9788539005406,Duma Key,,Objetiva,,0,pt,,https://books.google.com/books/content?id=mWk_AAAAQBAJ&printsec=frontcover&img=1&zoom=0,googlebooks_titulo,brasilapi,2026-06-19T15:01:23,,,
9788578271268,O SILMARILLION,,Editora WMF Martins Fontes,,0,pt,,https://books.google.com/books/content?id=V-HoEAAAQBAJ&printsec=frontcover&img=1&zoom=0,googlebooks_titulo,brasilapi,2026-06-19T15:01:36,,,
9788585490652,Mil Platôs — Vol. 2: Capitalismo e Esquizofrenia,"Gilles Deleuze, Félix Guattari",Editora 34,2000,,pt,"Philosophy, Postmodernism, Psychoanalysis, Radicalism, Social psychology",https://covers.openlibrary.org/b/id/983826-L.jpg,openlibrary_cover_i,brasilapi,2026-06-19T18:35:48,,,
9788573260175,Mil Platôs — Vol. 3: Capitalismo e Esquizofrenia,,Editora 34,,0,pt,,https://img.wook.pt/images/mil-platos-capitalismo-e-esquizofrenia-felix-guattari/MXwxODQ2MDJ8MjMzOTgyfDEzODM1NzcwMjkwMDA=/550x,duckduckgo,brasilapi,2026-06-19T18:35:58,,,
9788573260502,Mil Platôs — Vol. 4: Capitalismo e Esquizofrenia,,Editora 34,,0,pt,,https://covers.openlibrary.org/b/id/983826-L.jpg,openlibrary_cover_i,brasilapi,2026-06-19T18:36:21,,,
9788573260571,Mil Platôs — Vol. 5: Capitalismo e Esquizofrenia,,Editora 34,,0,pt,,https://covers.openlibrary.org/b/id/983826-L.jpg,openlibrary_cover_i,brasilapi,2026-06-19T18:36:29,,,
9788531415784,O Mundo Inteiro como Lugar Estranho,"Néstor García Canclini, Larissa Fostinone Locoselli",Edusp,2016,176,pt,"Sociologia e antropologia, Migrações, comunicação",https://images-na.ssl-images-amazon.com/images/S/compressed.photo.goodreads.com/books/1537620376i/41965742.jpg,duckduckgo,brasilapi,2026-06-19T18:36:38,,,
9788539305803,Técnica e ciência como ideologia,Jürgen Habermas,EDITORA UNESP,,,pt,Filosofia moderna ocidental,https://m.media-amazon.com/images/I/71gkmFkCXpL._SL1500_.jpg,duckduckgo,brasilapi,2026-06-19T18:37:00,,,
9788511120509,FOUCAULT,"DELLEUZE, GILLES",Editora Brasiliense,,,pt,Filosofia moderna ocidental,https://m.media-amazon.com/images/I/91IU93VAonL._SL1500_.jpg,duckduckgo,brasilapi,2026-06-19T18:37:25,,,
9788573266344,Cogitamus: seis cartas sobre as humanidades científicas,,Editora 34,,0,pt,,https://imgv2-1-f.scribdassets.com/img/document/472635773/original/2707c6a08f/1?v=1,duckduckgo,brasilapi,2026-06-19T18:37:48,,,
9783031454677,Deep Learning,"Christopher M. Bishop, Hugh Bishop",Springer International Publishing AG,2023,,eng,,https://covers.openlibrary.org/b/id/14649511-L.jpg,openlibrary_cover_i,openlibrary,2026-06-19T18:43:26,,,
9788539301904,Ciência em ação: como seguir cientistas e engenheiros sociedade afora,Bruno Latour,EDITORA UNESP,,,pt,Filosofia moderna ocidental,https://books.google.com/books/content?id=re6Ql_SvhtQC&printsec=frontcover&img=1&zoom=0,googlebooks_titulo,brasilapi,2026-06-19T18:43:46,,,
9788535928488,Pós-capitalismo: um guia para o nosso futuro,,Companhia das Letras,,0,pt,,https://books.google.com/books/content?id=zn_xEAAAQBAJ&printsec=frontcover&img=1&zoom=0,googlebooks_titulo,brasilapi,2026-06-19T18:44:02,,,
9788532608758,A REPRESENTACAO DO EU NA VIDA COTIDIANA,,Editora Vozes ,,0,pt,,https://covers.openlibrary.org/b/id/13312852-L.jpg,openlibrary_cover_i,brasilapi,2026-06-19T18:44:17,,,
9786587233482,Pão nosso de cada dia,"Ladislau Dowbor, Cauê Ameni, Hugo Albuquerque, Manuela Beloni",Autonomia Literaria,2021,202,pt,"Ciências sociais, ECONOMIA, crise, capitalismo",https://books.google.com/books/content?id=byhBEAAAQBAJ&printsec=frontcover&img=1&zoom=0,googlebooks_titulo,brasilapi,2026-06-19T18:44:25,,,
9788539307173,Monadologia e sociologia: e outros ensaios,Gabriel Tarde,EDITORA UNESP,,,pt,Ciências sociais,https://books.google.com/books/content?id=MCZjDwAAQBAJ&printsec=frontcover&img=1&zoom=0,googlebooks_titulo,brasilapi,2026-06-19T18:44:40,,,
9786586111071,O capitalismo se desloca,Ladislau Dowbor,Sesc Sp,,,pt,"Economia, capitalismo, financeirização, crise",https://www.ihu.unisinos.br/images/ihu/2020/09/02-09-capitalismo_se_desloca.jpg,duckduckgo,brasilapi,2026-06-19T18:44:53,,,
9780226468013,Metaphors We Live By,"George Lakoff, Mark Johnson, Lakoff",University of Chicago Press,1980,265,eng,"Vérité, Metaphor, Metaforen, Philosophy, Taalgebruik",https://covers.openlibrary.org/b/isbn/9780226468013-M.jpg,openlibrary_isbn,openlibrary,2026-06-19T18:45:15,,,
9788576574422,História da bruxaria,,Editora Aleph,,0,pt,,https://books.google.com/books/content?id=485qEQAAQBAJ&printsec=frontcover&img=1&zoom=0,googlebooks_titulo,brasilapi,2026-06-19T18:45:17,,,
9788577530366,"A SOCIEDADE EM REDE - A ERA DA INFORMAÇÃO: ECONOMIA, SOCIEDADE E CULTURA",,Editora Paz e Terra,,0,pt,,https://livrista.com.br/thumb/l600/capas/2015/16603/118473.jpg,duckduckgo,brasilapi,2026-06-19T18:45:33,,,
9788577533213,O poder da comunicação,,Editora Paz e Terra,,0,pt,,https://books.google.com/books/content?id=nAqhEQAAQBAJ&printsec=frontcover&img=1&zoom=0,googlebooks_titulo,brasilapi,2026-06-19T18:45:52,,,
9788574650562,PSICOTERAPIA E SENTIDO DA VIDA,"FRANK, VIKTOR E.",Editora Quadrante,,,pt,Psicologia,https://img.booklover.com.br/db43db09988f/psicoterapia-e-sentido-da-vida.webp?p=877368&u=aHR0cDovL2Jvb2tpbmZvbWV0YWRhZG9zLmNvbS5ici9maWxlcy9ib29rL2ZpcnN0X2NvdmVyL1RtcC0xNzU5NzgwOTM1LnBuZw,duckduckgo,brasilapi,2026-06-19T18:46:09,,,
9780691125169,On justification,Luc Boltanski,Princeton University Press,2006,389,eng,"Moral and ethical aspects, Philosophy, Common good, Justification (Theory of knowledge), Economics",https://covers.openlibrary.org/b/isbn/9780691125169-M.jpg,openlibrary_isbn,openlibrary,2026-06-19T18:46:36,,,
9788572838610,O suicídio: estudo de sociologia,Émile Durkheim,EDIPRO,,,pt,Ciências sociais,https://books.google.com/books/content?id=ImF9BgAAQBAJ&printsec=frontcover&img=1&zoom=0,googlebooks_titulo,brasilapi,2026-06-19T18:46:38,,,
9788539105960,A comunicação das coisas: teoria ator-rede e cibercultura,André Lemos,ANNABLUME,,,pt,Comunicacao social.,https://m.media-amazon.com/images/I/81tLh-d8olL._SL1500_.jpg,duckduckgo,brasilapi,2026-06-19T18:46:52,,,
9788520504772,Crenças e tecnologias,Luís Carlos Lopes,,2007,132,pt-BR,,https://m.media-amazon.com/images/I/61SYfiqGAWL._SL1040_.jpg,duckduckgo,googlebooks,2026-06-19T18:47:24,,,
9788595085664,Árvore e folha,,HarperCollins Brasil,,0,pt,,https://covers.openlibrary.org/b/isbn/9788595085664-L.jpg,openlibrary_isbn,brasilapi,2026-06-19T18:47:41,,,
9788569809630,O homem e seus símbolos,,HarperCollins Brasil,,0,pt,,https://books.google.com/books/content?id=oTc7DwAAQBAJ&printsec=frontcover&img=1&zoom=0,googlebooks_titulo,brasilapi,2026-06-19T18:47:42,,,
9788576001485,REDES E SOCIOLOGIA ECONÔMICA,,EDUFSCAR,,,pt,Economia,https://revistapesquisa.fapesp.br/wp-content/uploads/2009/10/livro5954.jpg,duckduckgo,brasilapi,2026-06-19T18:47:55,,,
9788576004721,A economia solidária e os desafios globais do trabalho,,EDUFSCAR,,,pt,Economia,https://imgv2-2-f.scribdassets.com/img/document/892090509/original/7ab34f0dce/1?v=1,duckduckgo,brasilapi,2026-06-19T18:48:18,,,
9788576003243,"Outras sociologias do trabalho: flexibilidades, emoções e mobilidades",,EDUFSCAR,,,pt,Ciências sociais,https://www.edicoesafrontamento.pt/cdn/shop/files/Sociologiadotrabalho_0c45fe6a-91ff-4e81-a359-39fe34cecb6b.jpg?v=1703074426&width=1100,duckduckgo,brasilapi,2026-06-19T18:48:37,,,
9788581862361,Assim falava zaratrusta,,Lafonte,,0,pt,,https://cdn.awsli.com.br/2500x2500/765/765972/produto/183251051/73865a6339.jpg,duckduckgo,brasilapi,2026-06-19T18:49:00,,,
9788581862439,A gaia ciência,"Friedrich Wilhelm Nietzsche, Antonio Carlos Braga",Lafonte,2020,288,pt,"Filosofia e Cristianismo, Nietzsche, filosofia, Ética, Moral",https://covers.openlibrary.org/b/isbn/9788581862439-L.jpg,openlibrary_isbn,brasilapi,2026-06-19T18:49:27,,,
9788581862408,Além do Bem e do Mal,"Antonio Carlos Braga, Friedrich Wilhelm Nietzsche",Lafonte,2017,224,pt,"Filosofia e Cristianismo, filosofia, Nietzsche",https://carrefourbr.vtexassets.com/arquivos/ids/42782879/b90dc19393e84f558c3d07ffc187e2fe.jpg?v=637843543162700000,duckduckgo,brasilapi,2026-06-19T18:49:28,,,
9788523208646,Reagregando o social: uma introdução à teoria do ator-rede,,EDUFBA,,0,pt,,https://books.google.com/books/content?id=icPPDwAAQBAJ&printsec=frontcover&img=1&zoom=0,googlebooks_titulo,brasilapi,2026-06-19T18:49:47,,,
9780745650630,Bruno Latour,Gerard de Vries,Polity Press,2016,224,eng,"Science, social aspects, Science and civilization, Science, philosophy, Science, Social aspects",https://covers.openlibrary.org/b/isbn/9780745650630-L.jpg,openlibrary_isbn,openlibrary,2026-06-19T18:50:08,,,
9788579939945,"A Poética da Psique: Jung, Tolkien e a Literatura",Sérgio Ricardo Perassoli Junior,Pedro Amaro Moura Brito,2022,146,pt,"Psicologia, Jung, Literatura, Tolkien",https://arquivos.pedroejoaoeditores.com.br/wp-content/uploads/2022/09/03170646/Capa_SergioPerassoli.jpg,duckduckgo,brasilapi,2026-06-19T18:50:09,,,
9788576001867,Educação e alteridade,,EDUFSCAR,,,pt,Educação,https://m.media-amazon.com/images/I/71zEJnGjmhL._SL1128_.jpg,duckduckgo,brasilapi,2026-06-19T18:50:31,,,
9788576001560,SOCIOLOGIA ECONÔMICA E DAS FINANÇAS : UM PROJETO EM CONSTRUÇÃO,,EDUFSCAR,,,pt,Ciências sociais,https://m.media-amazon.com/images/I/91hhSbnuayL._SL1500_.jpg,duckduckgo,brasilapi,2026-06-19T18:50:53,,,
9788532605085,VIGIAR E PUNIR: NASCIMENTO DA PRISAO,,Editora Vozes ,,0,pt,,https://covers.openlibrary.org/b/id/5539160-L.jpg,openlibrary_cover_i,brasilapi,2026-06-19T18:51:08,,,
9788571107403,A GALÁXIA DA INTERNET,,Zahar,,0,pt,,https://covers.openlibrary.org/b/id/2269222-L.jpg,openlibrary_cover_i,brasilapi,2026-06-19T18:51:16,,,
9788515016136,A INTELIGENCIA COLETIVA - POR UMA ANTROPOLOGIA DO CIBERESPACO,,Aneas Edições Loyola,,0,pt,,https://down-br.img.susercontent.com/file/br-11134207-7r98o-mb8bak9si4cv58,duckduckgo,brasilapi,2026-06-19T18:51:29,,,
9788539306831,A esperança de Pandora: ensaios sobre a realidade dos estudos científicos,Bruno Latour,EDITORA UNESP,,,pt,Filosofia e disciplinas relacionadas,https://covers.openlibrary.org/b/isbn/9788539306831-L.jpg,openlibrary_isbn,brasilapi,2026-06-19T18:51:50,,,
9788537801550,O ANDAR DO BÊBADO : COMO O ACASO DETERMINA NOSSAS VIDAS,,Zahar,,0,pt,,https://books.google.com/books/content?id=ixLUDwAAQBAJ&printsec=frontcover&img=1&zoom=0,googlebooks_titulo,brasilapi,2026-06-19T18:51:51,,,
9788531417177,"A Moeda, Realidade Social","François Simiand, Rafael Faraco Benthien, Miguel Soares Palmeira",Edusp,2018,240,pt,"Sociologia e antropologia, Moeda, ECONOMIA, Política, Sociologia",https://m.media-amazon.com/images/I/61nR8ZSUUeL._SY445_SX342_.jpg,duckduckgo,brasilapi,2026-06-19T18:52:06,,,
9788520505779,CIBERCULTURA,ANDRE LEMOS,,,295,pt-BR,,https://books.google.com/books/content?id=B5i4EAAAQBAJ&printsec=frontcover&img=1&zoom=0,googlebooks_titulo,googlebooks,2026-06-19T18:52:34,,,
9788573261264,CIBERCULTURA,,Editora 34,,0,pt,,https://covers.openlibrary.org/b/id/8628425-L.jpg,openlibrary_cover_i,brasilapi,2026-06-19T18:52:50,,,
9786557110676,Sobre o culto moderno dos deuses fatiches,"Bruno Latour, Sandra Moreira, Rachel Meneguello",Editora UNESP,2021,162,pt,"Filosofia e disciplinas relacionadas, Bruno-Latour, crenças, filosofia",https://books.google.com/books/content?id=J0hpEAAAQBAJ&printsec=frontcover&img=1&zoom=0,googlebooks_titulo,brasilapi,2026-06-19T18:53:01,,,
9786555873399,O homem que calculava,Malba Tahan,Editora Record,2021,256,pt,"Matemática, números, Matemática",https://covers.openlibrary.org/b/id/6828127-L.jpg,openlibrary_titulo,brasilapi,2026-06-19T18:53:12,,,
9788547302863,Teoria do ator-rede e adequação sociotécnica,,Appris Editora e Livraria Eireli - ME,,0,pt,,https://fidelivros.com.br/image/cache/products/165256-500x500.jpg,duckduckgo,brasilapi,2026-06-19T18:53:35,,,
9788577345885,A tolice da inteligência brasileira,,Casa da Palavra,,0,pt,,https://books.google.com/books/content?id=_lcmCwAAQBAJ&printsec=frontcover&img=1&zoom=0,googlebooks_titulo,brasilapi,2026-06-19T18:53:50,,,
9788550804538,Bad blood: fraude bilionária no Vale do Silício,,Alta Books,,0,pt,,https://books.google.com/books/content?id=sClUDwAAQBAJ&printsec=frontcover&img=1&zoom=0,googlebooks_titulo,brasilapi,2026-06-19T18:54:04,,,
9786557171097,China,"Elias Jabbour, Alberto Gabriele",Boitempo,2021,314,pt,"Ciências sociais, China, socialismo",https://covers.openlibrary.org/b/id/13006829-L.jpg,openlibrary_cover_i,brasilapi,2026-06-19T18:54:19,,,
9788555920219,Uma breve história da computação,Daniel G. Costa,UEFS EDITORA,,,pt,Generalidades,https://m.media-amazon.com/images/I/61hzMoMJP7L._SL1249_.jpg,duckduckgo,brasilapi,2026-06-19T18:54:29,,,
9788576570844,CULTURA DA CONVERGÊNCIA,,Editora Aleph,,0,pt,,https://books.google.com/books/content?id=3xsFCwAAQBAJ&printsec=frontcover&img=1&zoom=0,googlebooks_titulo,brasilapi,2026-06-19T18:54:45,,,
9788576571629,Cultura da conexão: criando valor e significado por meio da mídia propagável,,Editora Aleph,,0,pt,,https://books.google.com/books/content?id=jM-uCgAAQBAJ&printsec=frontcover&img=1&zoom=0,googlebooks_titulo,brasilapi,2026-06-19T18:54:58,,,
9788575596623,Tecnopolíticas da vigilância: perspectivas da margem,,Boitempo,,0,pt,,https://books.google.com/books/content?id=a17GDwAAQBAJ&printsec=frontcover&img=1&zoom=0,googlebooks_titulo,brasilapi,2026-06-19T18:55:13,,,
9788537815939,Redes de indignação e esperança: movimentos sociais na era da internet,,Zahar,,0,pt,,https://books.google.com/books/content?id=X3PTDwAAQBAJ&printsec=frontcover&img=1&zoom=0,googlebooks_titulo,brasilapi,2026-06-19T18:55:29,,,
9788576001379,DISCURSO E TEXTO: MULTIPLICIDADE DE SENTIDOS NA CIÊNCIA DA INFORMAÇÃO,,EDUFSCAR,,,pt,Linguagem e línguas,https://m.media-amazon.com/images/I/517ZQPfOrHL._SY445_SX342_.jpg,duckduckgo,brasilapi,2026-06-19T18:55:44,,,
9788576002321,"Ciência , Tecnologia e Sociedade : desafios da construção do conhecimento",,EDUFSCAR,,,pt,Ciências sociais,https://m.media-amazon.com/images/I/81HUFCDr1TL._SL1500_.jpg,duckduckgo,brasilapi,2026-06-19T18:56:11,,,
9788575167595,Gestão tributária das organizações na economia brasileira,Carlos José Caetano Bacha,ALÍNEA,,,pt,Economia,https://www.touchelivros.com.br/wp-content/uploads/2025/09/gestao_tributaria_das_organizacoes_na_economia_brasileira.jpg,duckduckgo,brasilapi,2026-06-19T18:56:27,,,
9788522111619,"Elaboração de projetos de pesquisa: monografia, dissertação, tese e estudo de caso, com base em metodologia científica",,Cengage Learning,,0,pt,,https://books.google.com/books/content?id=jut7DwAAQBAJ&printsec=frontcover&img=1&zoom=0,googlebooks_titulo,brasilapi,2026-06-19T18:56:43,,,
9788539609109,Vender na internet: por onde começar?,,Editora Senac São Paulo,,0,pt,,https://books.google.com/books/content?id=YKPhwAEACAAJ&printsec=frontcover&img=1&zoom=0,googlebooks_isbn,brasilapi,2026-06-19T18:56:57,,,
9788532635730,GUIA PARA A PESQUISA DE CAMPO,,Editora Vozes ,,0,pt,,https://m.media-amazon.com/images/I/71GoRWSp0hL._SL1500_.jpg,duckduckgo,brasilapi,2026-06-19T18:57:09,,,
9780761962625,Interpreting quantitative data,D. S. Byrne,SAGE,2002,176,eng,"Statistical methods, Methodology, Social sciences, Research, Social sciences, statistical methods",https://covers.openlibrary.org/b/isbn/9780761962625-M.jpg,openlibrary_isbn,openlibrary,2026-06-19T19:03:07,,,
9788532655998,Estudos de etnometodologia,,Editora Vozes ,,0,pt,,https://books.google.com/books/content?id=czlqDwAAQBAJ&printsec=frontcover&img=1&zoom=0,googlebooks_titulo,brasilapi,2026-06-19T19:03:10,,,
9788523215248,Teoria ator-rede e estudos de comunicação,,EDUFBA,,0,pt,,https://books.google.com/books/content?id=icPPDwAAQBAJ&printsec=frontcover&img=1&zoom=0,googlebooks_titulo,brasilapi,2026-06-19T19:03:24,,,
9788576004530,Aprendizagem dialógica na sociedade da informação,Adriana Aubert  et al.,EDUFSCAR,,,pt,Educação,https://imgv2-2-f.scribdassets.com/img/document/782938050/original/369a746fb4/1?v=1,duckduckgo,brasilapi,2026-06-19T19:03:38,,,
9788576000815,PROGRAMA DE PÓS-GRADUAÇÃO EM ENGENHARIA DE PRODUÇÃO. RESUMOS DE TESES E DISSERTAÇÕES (1993-2005),,EDUFSCAR,,,pt,Engenharia,https://ppgep.uff.br/wp-content/uploads/sites/484/2024/10/Logo-nova-PPGEP-1024x1020.png,duckduckgo,brasilapi,2026-06-19T19:03:56,,,
9788580576467,Uma breve história do tempo,,Intrínseca,,0,pt,,https://covers.openlibrary.org/b/isbn/9788580576467-L.jpg,openlibrary_isbn,brasilapi,2026-06-19T19:04:15,,,
9788571260122,Big Tech,Evgeny Morozov,Ubu Editora,,,pt,Tecnologia (ciências aplicadas),https://books.google.com/books/content?id=uFx-DwAAQBAJ&printsec=frontcover&img=1&zoom=0,googlebooks_titulo,brasilapi,2026-06-19T19:04:16,,,
9788592886547,Os pecados secretos da economia,Deirdre McCloskey,Ubu Editora,,,pt,Economia,https://books.google.com/books/content?id=iZFHDwAAQBAJ&printsec=frontcover&img=1&zoom=0,googlebooks_titulo,brasilapi,2026-06-19T19:04:34,,,
9788592886462,Reinvenção da intimidade: políticas do sofrimento cotidiano,Christian Dunker,Ubu Editora,,,pt,Psicologia,https://covers.openlibrary.org/b/id/10831545-L.jpg,openlibrary_cover_i,brasilapi,2026-06-19T19:04:47,,,
9786586497526,Políticas da imagem,Giselle Beiguelman,Ubu Editora,2021,224,pt,"Tecnologia (ciências aplicadas), imagem, Design, tecnologia, smartphone",https://books.google.com/books/content?id=YB06EAAAQBAJ&printsec=frontcover&img=1&zoom=0,googlebooks_titulo,brasilapi,2026-06-19T19:04:58,,,
9788592886349,"Esperando Foucault, ainda",Marshall Sahlins,Ubu Editora,,,pt,Ciências sociais,https://books.google.com/books/content?id=qyJeDwAAQBAJ&printsec=frontcover&img=1&zoom=0,googlebooks_titulo,brasilapi,2026-06-19T19:05:11,,,
9788585490386,Jamais fomos modernos,Bruno Latour,Editora 34,2009,150,pt,"Filosofia, Filosofia francesa, Ciencia",https://covers.openlibrary.org/b/id/8679955-L.jpg,openlibrary_cover_i,brasilapi,2026-06-19T19:05:33,,,
9788573260366,O QUE E O VIRTUAL?,"LEVY, PIERRE",Editora 34,,,pt,Assunto não informado,https://books.google.com/books/content?id=IeNw_sOADVEC&printsec=frontcover&img=1&zoom=0,googlebooks_isbn,brasilapi,2026-06-19T19:05:42,,,
9788585490157,As Tecnologias da inteligencia o futuro do pensamento na era da informatica,Pierre Levy,Ed. 34,1993,203,por,"Informatica,, Aspectos Sociais, Tecnologia,",https://covers.openlibrary.org/b/id/8619956-L.jpg,openlibrary_cover_i,openlibrary,2026-06-19T19:06:00,,,
9788573264463,O anti-édipo: capitalismo e esquizofrenia 1,,Editora 34,,0,pt,,"https://m.media-amazon.com/images/I/31ELaPPmPpL._BO1,204,203,200_QL70_ML2_.jpg",duckduckgo,brasilapi,2026-06-19T19:06:11,,,
9788592886738,Desobedecer,Fréderic Gros,Ubu Editora,,,pt,Filosofia e disciplinas relacionadas,https://covers.openlibrary.org/b/id/13531225-L.jpg,openlibrary_titulo,brasilapi,2026-06-19T19:06:32,,,
9788592886059,24/7: capitalismo tardio e os fins do sono,Jonathan Crary,Ubu Editora,,,pt,Ciências sociais,https://books.google.com/books/content?id=ZNHZDQAAQBAJ&printsec=frontcover&img=1&zoom=0,googlebooks_titulo,brasilapi,2026-06-19T19:06:51,,,
9788535264128,A força da cultura organizacional nas empresas globais: como conduzir mudanças de impacto e alinhar estratégia e cultura,Daniel Denison et al.,Elsevier,,,pt,Administração e serviços auxiliares,https://pictures.abebooks.com/isbn/9788535264128-us.jpg,duckduckgo,brasilapi,2026-06-19T19:07:06,,,
9788582935996,Mudança nas organizações e a Teoria Ator-Rede: humanos e não humanos em controvérsias,,Editora da Universidade Presbiteriana Mackenzie,,0,pt,,https://a-static.mlcdn.com.br/undefinedxundefined/mudanca-nas-organizacoes-e-a-teoria-ator-rede-humanos-e-nao-humanos-em-controversias-mackenzie/livraria30porcento/9788582935996/92bb043721966b1d07cef29fffd1f2cb.jpg,duckduckgo,brasilapi,2026-06-19T19:07:25,,,
9788577511105,Teoria crítica no Brasil e América Latina,,NANKIN EDITORIAL,,,pt,Ensaios brasileiros,https://imgv2-2-f.scribdassets.com/img/document/966629197/original/9ea4955c6e/1?v=1,duckduckgo,brasilapi,2026-06-19T19:07:47,,,
9788579951893,Sociologia da cultura,"Matthieu Béra , Ivon Lamy",Sesc SP,,,pt,Ciências sociais,https://images-na.ssl-images-amazon.com/images/I/51JISSs7hcL.jpg,duckduckgo,brasilapi,2026-06-19T19:08:10,,,
9788572449656,"Sociolinguística, sociolinguísticas: uma introdução",,Editora Contexto,,0,pt,,https://blogger.googleusercontent.com/img/b/R29vZ2xl/AVvXsEgRIxH2P-ylEJEgS_W5wcda2MJHjRsaMqiP7lgfXXsD8x43T8IZ-iWj6T1eSMXs_XqM1MTqQZSKXarAOpuIUFJUfr7G9q6WsatTPoRfnNpW0uSmR0pkeWjIhblUypk6RUVgsdHtgKDIheAM/w1200-h630-p-k-no-nu/capa-sociolinguistica-sociolinguisticas_web.jpg,duckduckgo,brasilapi,2026-06-19T19:08:26,,,
9788573267488,O asno de ouro = Asinus aureus,,Editora 34,,0,pt,,https://photos.enjoei.com.br/livro-o-ano-de-ouro/1200xN/czM6Ly9waG90b3MuZW5qb2VpLmNvbS5ici9wcm9kdWN0cy8yODQ3NTcxOS82MzZlODE2NjUzZDZjOTlhYzU0MDRiMDQxMWZhZDEwZC5qcGc,duckduckgo,brasilapi,2026-06-19T19:08:49,,,
9786555354836,"O DIA EM QUE VOLTAMOS DE MARTE: UMA HISTÓRIA DA CIÊNCIA E DO PODER, COM PISTAS PARA UM NOVO PRESENTE",TATIANA ROQUE,Editora Planeta do Brasil,2021,368,pt,"Ciência política, geopolítica, ciência, poder, Política",https://books.google.com/books/content?id=D4RNEAAAQBAJ&printsec=frontcover&img=1&zoom=0,googlebooks_titulo,brasilapi,2026-06-19T19:09:06,,,
9788580578881,O universo numa casca de noz,,Intrínseca,,0,pt,,https://covers.openlibrary.org/b/id/8673699-L.jpg,openlibrary_cover_i,brasilapi,2026-06-19T19:09:21,,,
9788573596960,ECONOMIA SOCIAL NO BRASIL,,Editora SENAC São Paulo,,,pt,Assunto não informado,https://books.google.com/books/content?id=vijPEAAAQBAJ&printsec=frontcover&img=1&zoom=0,googlebooks_titulo,brasilapi,2026-06-19T19:09:29,,,
9788575411636,ANTROPOLOGIA BRASILIANA: CIÊNCIA E EDUCAÇÃO NA OBRA DE EDGARD ROQUETTE-PINTO,,Fiocruz Editora,,,pt,Ciências sociais,https://i.zst.com.br/thumbs/12/0/f/1456296587.jpg,duckduckgo,brasilapi,2026-06-19T19:09:43,,,
9788536418353,Deus - Como Ele Nasceu,Reinaldo José Lopes,Super Interessante,2015,257,pt-BR,Religion,https://books.google.com/books/content?id=crNxCwAAQBAJ&printsec=frontcover&img=1&zoom=0,googlebooks_isbn,googlebooks,2026-06-19T19:10:16,,,
9788532649294,Etnometodologia & análise da conversa,,Editora Vozes ,,0,pt,,https://imgv2-1-f.scribdassets.com/img/document/611124493/original/98f1c58e92/1?v=1,duckduckgo,brasilapi,2026-06-19T19:10:30,,,
9788576003854,Presenças de Foucault na análise do discurso,,EDUFSCAR,,,pt,Linguística,https://arquivos.pedroejoaoeditores.com.br/wp-content/uploads/2022/01/03175222/livrodalexonfcofinal7_capas.png,duckduckgo,brasilapi,2026-06-19T19:10:50,,,
9788574554174,Educação e teoria ator-rede: fluxos heterogêneos e conexões híbridas,"Kaio Eduardo de Jesus Oliveira, Cristiane de Magalhães Porto",EDITUS,,,pt,Educação,https://pictures.abebooks.com/isbn/9788574554174-us.jpg,duckduckgo,brasilapi,2026-06-19T19:11:18,,,
9788520009512,A oficina do cosmógrafo,Franck Lestringant,Civilização Brasileira,,,pt,Ensaios brasileiros,https://m.media-amazon.com/images/I/51i-ewBTHzL._SL1000_.jpg,duckduckgo,brasilapi,2026-06-19T19:11:41,,,
9788580446494,Brasil: uma história,,Leya,,0,pt,,https://books.google.com/books/content?id=vznT0AEACAAJ&printsec=frontcover&img=1&zoom=0,googlebooks_titulo,brasilapi,2026-06-19T19:11:58,,,
9788585490492,Mil Platôs — Vol. 1: Capitalismo e Esquizofrenia,"Gilles Deleuze, Félix Guattari",Editora 34,2000,,pt,"Philosophy, Postmodernism, Psychoanalysis, Radicalism, Social psychology",https://covers.openlibrary.org/b/id/983826-L.jpg,openlibrary_cover_i,brasilapi,2026-06-19T19:12:22,,,
9780071750363,The robot builder's bonanza,Gordon McComb,Tab Books,1987,736,eng,"Engineering, Nonfiction, Robotics, Technology, Roboter",https://covers.openlibrary.org/b/isbn/9780071750363-M.jpg,openlibrary_isbn,openlibrary,2026-06-19T19:19:00,,,
9788576086802,Programando excel VBA para leigos,,Alta Books,,0,pt,,https://m.media-amazon.com/images/I/81LlvB+DNuL._SL1500_.jpg,duckduckgo,brasilapi,2026-06-19T19:19:03,,,
9788576000396,INFORMAÇÃO E CONHECIMENTO: APROXIMANDO ÁREAS DE ...,,EDUFSCAR,,,pt,Generalidades,https://lojasebocultural.com.br/wp-content/uploads/2023/09/f4f7f4f0d6703b1932fdf3577f06f08a.jpg,duckduckgo,brasilapi,2026-06-19T19:19:25,,,
9788585936815,Teoria ator-rede e psicologia,,NAU EDITORA,,,pt,Psicologia,https://editoratelha.b-cdn.net/wp-content/uploads/2025/09/capa-site-894x1280-teoriaator-rede.jpg,duckduckgo,brasilapi,2026-06-19T19:19:42,,,
9788576001539,SÓ VÍRGULA : MÉTODO  FÁCIL EM VINTE LIÇÕES,MARIA TEREZA DE QUEIROZ PIACENTINI,EDUFSCAR,,,pt,Língua portuguesa,https://books.google.com/books/content?id=M_eGEAAAQBAJ&printsec=frontcover&img=1&zoom=0,googlebooks_titulo,brasilapi,2026-06-19T19:20:03,,,
9788556080424,A elite do atraso,Jessé Souza,Estação Brasil,,,pt,Ciência política,https://books.google.com/books/content?id=rwJDDwAAQBAJ&printsec=frontcover&img=1&zoom=0,googlebooks_titulo,brasilapi,2026-06-19T19:20:17,,,
9788579950865,Sociologia das práticas culturais,Philippe Coulangeon,Sesc SP,,,pt,Sociologia e antropologia,https://portal.sescsp.org.br/files/produto/22ce9cd9-a1e0-406d-acfd-445c02b04c40.png,duckduckgo,brasilapi,2026-06-19T19:20:36,,,
9788527301114,A ESTRUTURA DAS REVOLUCOES CIENTIFICAS,,Editora Perspectiva,,0,pt,,https://covers.openlibrary.org/b/id/6566386-L.jpg,openlibrary_cover_i,brasilapi,2026-06-19T19:20:58,,,
9788535929072,Boitempo: menino antigo,,Companhia das Letras,,0,pt,,https://down-br.img.susercontent.com/file/3b99784ddea7dcf475f14fe0ddfe95a7,duckduckgo,brasilapi,2026-06-19T19:21:06,,,
9788585910112,A FORMACAO DO ESPIRITO CIENTIFICO,,Contraponto,,,pt,"Teoria do conhecimento, causalidade e ser humano",https://books.google.com/books/content?id=dea1EQAAQBAJ&printsec=frontcover&img=1&zoom=0,googlebooks_titulo,brasilapi,2026-06-19T19:21:26,,,
9788535928891,O que é fascismo e outros ensaios,,Companhia das Letras,,0,pt,,https://books.google.com/books/content?id=-C2dDgAAQBAJ&printsec=frontcover&img=1&zoom=0,googlebooks_titulo,brasilapi,2026-06-19T19:21:41,,,
9788576001553,CRONOS ENSANDECIDO : SOBRE A AGITAÇÃO NO MUNDO CONTEMPORÂNEO,,EDUFSCAR,,,pt,Metafísica,https://4.bp.blogspot.com/_4T8zV_x9yjE/StpB-8G8_XI/AAAAAAAABFE/66xXMpg21To/s400/387.jpg,duckduckgo,brasilapi,2026-06-19T19:22:01,,,
9788577345052,Amor e matemática,,Casa da Palavra,,0,pt,,https://covers.openlibrary.org/b/id/13477122-L.jpg,openlibrary_titulo,brasilapi,2026-06-19T19:22:21,,,
9788581052779,Sobre a escrita,,Suma das Letras,,0,pt,,https://books.google.com/books/content?id=f-51MydBnrcC&printsec=frontcover&img=1&zoom=0,googlebooks_titulo,brasilapi,2026-06-19T19:22:40,,,
9788575423868,DEIXE SEU CÉREBRO EM FORMA,,Editora Sextante,,0,pt,,https://m.media-amazon.com/images/I/619oBCo2q+L._SL1358_.jpg,duckduckgo,brasilapi,2026-06-19T19:22:56,,,
9788542217759,Tudo o que você precisou desaprender para virar um idiota,,Editora Planeta do Brasil,,0,pt,,https://covers.openlibrary.org/b/id/12564836-L.jpg,openlibrary_cover_i,brasilapi,2026-06-19T19:23:15,,,
9788595082595,"Sangue, suor e pixels",,HarperCollins Brasil,,0,pt,,https://cdn.awsli.com.br/2500x2500/765/765972/produto/32811413/44bac3de29.jpg,duckduckgo,brasilapi,2026-06-19T19:23:26,,,
9788531608094,O HEROI E O FORA-DA-LEI - COMO CONSTRUIR MARCAS EXTRAORDINARIAS USANDO O PODER DOS ARQUETIPOS,"MARK, MARGARET, PEARSON, CAROL S.",Editora Cultrix,,,pt,"Parapsicologia, ocultismo e espiritismo",https://books.google.com/books/content?id=yifv0OwENxcC&printsec=frontcover&img=1&zoom=0,googlebooks_isbn,brasilapi,2026-06-19T19:23:44,,,
9788571392496,POR QUE A LINGUAGEM INTERESSA A FILOSOFIA,"HACKING, IAN",EDITORA UNESP,,,pt,Filosofia moderna ocidental,https://photos.enjoei.com.br/por-que-a-linguagem-interessa-a-filosofia-ian-hacking/1200xN/czM6Ly9waG90b3MuZW5qb2VpLmNvbS5ici9wcm9kdWN0cy85MjMxMzQxLzA5ZTJlZmE3OGEwMTljNTJhZThlNWMzM2U3ZGY1OTk0LmpwZw,duckduckgo,brasilapi,2026-06-19T19:23:57,,,
9788550814582,Os quatro,,Alta Books,,0,pt,,https://books.google.com/books/content?id=0_UtDwAAQBAJ&printsec=frontcover&img=1&zoom=0,googlebooks_titulo,brasilapi,2026-06-19T19:24:20,,,
9788578277932,,,,,,,,https://m.media-amazon.com/images/I/51S3CMvQkML.jpg,duckduckgo,nao_encontrado,2026-06-19T19:24:47,,,
9780691207551,Text As Data,"Justin Grimmer, Brandon M. Stewart, Margaret E. Roberts",Princeton University Press,2021,472,eng,"Text data mining, Social sciences, Data processing, Machine learning, Sciences sociales",https://covers.openlibrary.org/b/id/12419158-L.jpg,openlibrary_cover_i,openlibrary,2026-06-19T19:28:55,,,
9780075548089,Social Psychology of Organizing,Karl E Weick,McGraw-Hill Humanities/Social Sciences/Languages,1979,294,eng,"Organization--psychological aspects, Organizational sociology, Social psychology, Group processes, Psychology, social",https://books.google.com/books/content?id=0LO9QgAACAAJ&printsec=frontcover&img=1&zoom=0,googlebooks_isbn,openlibrary,2026-06-19T19:29:14,,,
9788577807215,Safari de estratégia: um roteiro pela selva do planejamento estratégico,,Bookman,,0,pt,,https://m.media-amazon.com/images/I/71K9VFy272L._SL1500_.jpg,duckduckgo,brasilapi,2026-06-19T19:29:04,,,
9786586460025,Algoritmos de Destruição em Massa,"Cathy O'Neil, Rafael Abraham, Leonardo Garzaro, Felipe Damorim, Vinicius Oliveira, Lígia Garzaro, Ana Helena Oliveira",Editora Rua do Sabão,,,pt,"Sociologia e antropologia, Algoritmos, Matemática, redessociais",https://books.google.com/books/content?id=nEUvEAAAQBAJ&printsec=frontcover&img=1&zoom=0,googlebooks_titulo,brasilapi,2026-06-19T19:29:24,,,
9788577532964,Microfísica do Poder,,Editora Paz e Terra,,0,pt,,https://books.google.com/books/content?id=h6yaEAAAQBAJ&printsec=frontcover&img=1&zoom=0,googlebooks_titulo,brasilapi,2026-06-19T19:29:27,,,
9786555350296,INTERNACIONALISMO OU EXTINÇÃO,NOAM CHOMSKY,Editora Planeta do Brasil,2020,128,pt,"Ciência política, Coronavírus, Pandemia, crise nuclear, aquecimento global",https://covers.openlibrary.org/b/id/12369528-L.jpg,openlibrary_cover_i,brasilapi,2026-06-19T19:29:40,,,
9788571395244,CHUTANDO A ESCADA:A ESTRATEGIA DO DESENVOLVIMENTO EM PRESPECTIVA HISTORIA,"CHANG, HA JOON",EDITORA UNESP,,,pt,Economia,https://books.google.com/books/content?id=smxW2ShQ4y0C&printsec=frontcover&img=1&zoom=0,googlebooks_isbn,brasilapi,2026-06-19T19:29:41,,,
9788537817575,Prisioneiros da geografia: 10 mapas que explicam tudo o que você precisa saber política global,,Zahar,,0,pt,,https://covers.openlibrary.org/b/id/8900233-L.jpg,openlibrary_cover_i,brasilapi,2026-06-19T19:29:50,,,
9788501054616,A CORROSAO DO CARATER: CONSEQUENCIAS PESSOAIS DO TRABALHO NO NOVO CAPITALISMO,,Editora Record,,0,pt,,https://books.google.com/books/content?id=qy0Znd07WKUC&printsec=frontcover&img=1&zoom=0,googlebooks_isbn,brasilapi,2026-06-19T19:29:51,,,
9788537818008,Como as democracias morrem,,Zahar,,0,pt,,https://covers.openlibrary.org/b/id/13234822-L.jpg,openlibrary_cover_i,brasilapi,2026-06-19T19:29:58,,,
9788577533022,Isto não é um cachimbo,,Editora Paz e Terra,,0,pt,,https://a-static.mlcdn.com.br/1500x1500/livro-isto-nao-e-um-cachimbo/magazineluiza/233811500/e1d182ca8b5e3dc49d3a8dfd84878fd4.jpg,duckduckgo,brasilapi,2026-06-19T19:30:03,,,
9788576001676,"EXPERIMENTAÇÕES FILOSÓFICAS: ENSAIOS, ENCONTROS E DIÁLOGOS",,EDUFSCAR,,,pt,Filosofia moderna ocidental,https://www.edicoesifen.com.br/images/stories/virtuemart/product/ensaios_dialogos_epistolas-capa.jpg,duckduckgo,brasilapi,2026-06-19T19:30:07,,,
9788581780047,A startup enxuta,Eric Ries,Lua de Papel,,,pt,Tecnologia (ciências aplicadas),https://covers.openlibrary.org/b/isbn/9788581780047-L.jpg,openlibrary_isbn,brasilapi,2026-06-19T19:52:50,,,
9788544107331,O estilo startup,,Leya,,0,pt,,https://books.google.com/books/content?id=YrVjDwAAQBAJ&printsec=frontcover&img=1&zoom=0,googlebooks_titulo,brasilapi,2026-06-19T19:52:54,,,
9788520009895,Videogame e violência: cruzadas morais contra jogos eletrônicos no Brasil e no mundo,Salah H. Khaled Jr.,Civilização Brasileira,,,pt,Assunto não informado,https://www.topleituras.com/livros/videogame-violencia-cruzadas-morais-jogos-eletronicos-brasil-mundo-e96e-capa.jpg,duckduckgo,brasilapi,2026-06-19T19:53:10,,,
9788551003336,"Logo, logo",,Intrínseca,,0,pt,,https://books.google.com/books/content?id=EsNVDwAAQBAJ&printsec=frontcover&img=1&zoom=0,googlebooks_titulo,brasilapi,2026-06-19T19:53:27,,,
9788535930917,21 lições para o século 21,"Yuval Noah Harari, Paulo Geiger",Companhia das Letras,2018,432,pt,"Geografia e história, história",https://covers.openlibrary.org/b/id/10108277-L.jpg,openlibrary_cover_i,brasilapi,2026-06-19T19:53:38,,,
9788571104389,CULTURA: UM CONCEITO ANTROPOLOGICO,,Zahar,,0,pt,,https://covers.openlibrary.org/b/id/13270237-L.jpg,openlibrary_cover_i,brasilapi,2026-06-19T19:53:49,,,
9788535910704,"DEUS, UM DELÍRIO",,Companhia das Letras,,0,pt,,https://books.google.com/books/content?id=n4arDwAAQBAJ&printsec=frontcover&img=1&zoom=0,googlebooks_titulo,brasilapi,2026-06-19T19:53:55,,,
9788502175549,Sociologia,,Editora Saraiva,,0,pt,,https://books.google.com/books/content?id=oCtMEAAAQBAJ&printsec=frontcover&img=1&zoom=0,googlebooks_titulo,brasilapi,2026-06-19T19:53:59,,,
9788595710689,Discurso sobre o colonialismo,,Veneta,,0,pt,,https://covers.openlibrary.org/b/isbn/9788595710689-L.jpg,openlibrary_isbn,brasilapi,2026-06-19T19:54:15,,,
9788526010581,MÉTODO MODERNO DE TUPI ANTIGO,,Global Editora,,0,pt,,https://m.media-amazon.com/images/I/71WPMOtxAeL._SL1437_.jpg,duckduckgo,brasilapi,2026-06-19T19:54:13,,,
9788522446193,COMPORTAMENTO ORGANIZACIONAL,"MIGUEL P. CALDAS, THOMAS WOOD JR.",Atlas,,,pt,Administração e serviços auxiliares,https://m.media-amazon.com/images/I/41oQcEQ5SAL._SX342_SY445_ML2_.jpg,duckduckgo,brasilapi,2026-06-19T19:54:16,,,
9786589654438,O essencial da psicologia,Carl Gustav Jung,PROMOLIVROS,2023,152,pt,"Psicologia, psocologia, Carl, Gustav, Jung",https://down-br.img.susercontent.com/file/sg-11134201-7rcbt-ltbpc6hsqvui38,duckduckgo,brasilapi,2026-06-19T19:54:32,,,
9788589384841,O FUTURO DOS EMPREGOS,THOMAS W. MALONE,M. Books,,,pt,Ciências sociais,https://i.zst.com.br/thumbs/12/35/35/1456159485.jpg,duckduckgo,brasilapi,2026-06-19T19:54:48,,,
9788501109095,Pape satàn aleppe: crônicas de uma sociedade líquida,,Editora Record,,0,pt,,https://books.google.com/books/content?id=sMUtDwAAQBAJ&printsec=frontcover&img=1&zoom=0,googlebooks_titulo,brasilapi,2026-06-19T19:55:10,,,
9788576573043,Estranho numa terra estranha,,Editora Aleph,,0,pt,,https://books.google.com/books/content?id=w6I7DwAAQBAJ&printsec=frontcover&img=1&zoom=0,googlebooks_titulo,brasilapi,2026-06-19T19:55:41,,,
9788542210194,Quem manda no mundo,,Editora Planeta do Brasil,,0,pt,,https://covers.openlibrary.org/b/id/9075830-L.jpg,openlibrary_cover_i,brasilapi,2026-06-19T19:55:57,,,
9788544105375,A elite do atraso,,Leya,,0,pt,,https://books.google.com/books/content?id=rwJDDwAAQBAJ&printsec=frontcover&img=1&zoom=0,googlebooks_titulo,brasilapi,2026-06-19T19:56:05,,,
9788556080394,A classe média no espelho,Jessé Souza,Estação Brasil,,,pt,Ciências sociais,https://covers.openlibrary.org/b/id/13308983-L.jpg,openlibrary_cover_i,brasilapi,2026-06-19T19:56:19,,,
9788573264500,Sociedade de risco: rumo a uma outra modernidade,,Editora 34,,0,pt,,https://m.media-amazon.com/images/I/51yZ0RJAvSL._SL1426_.jpg,duckduckgo,brasilapi,2026-06-19T19:56:30,,,
9788575595022,17 contradições e o fim do capítalismo,,Boitempo,,0,pt,,https://books.google.com/books/content?id=zvwMEQAAQBAJ&printsec=frontcover&img=1&zoom=0,googlebooks_titulo,brasilapi,2026-06-19T19:56:55,,,
9788575596432,A loucura da razão econômica: Marx e o capital no século XXI,,Boitempo,,0,pt,,https://books.google.com/books/content?id=Z17GDwAAQBAJ&printsec=frontcover&img=1&zoom=0,googlebooks_titulo,brasilapi,2026-06-19T19:57:13,,,
9788551302293,Vocabulário de Bordieu,,Autêntica Editora,,0,pt,,https://mundoingles.com.br/wp-content/uploads/Vocabulando-vocabulario-pratico-Ingles-Portugues-de-Isa-Mara-Lando.jpg,duckduckgo,brasilapi,2026-06-19T19:57:27,,,
9786555603828,A jornada da humanidade,Oded Galor,Intrínseca,2022,336,pt,"Sociologia e antropologia, Política, Antropologia, Sociologia",https://books.google.com/books/content?id=sYtoEAAAQBAJ&printsec=frontcover&img=1&zoom=0,googlebooks_titulo,brasilapi,2026-06-19T19:59:04,,,
9780761965862,Narrative methods for organizational and communication research,David M. Boje,SAGE,2001,152,eng,"Communication in organizations, Narrative Discourse analysis, Organizational sociology, Discourse analysis, narrative, Research",https://covers.openlibrary.org/b/isbn/9780761965862-M.jpg,openlibrary_isbn,openlibrary,2026-06-19T19:59:21,,,
9786559280513,A superindústria do imaginário,Eugênio Bucci,Autêntica Editora,2021,448,pt,"Ciência política, Política",https://books.google.com/books/content?id=7UIvEAAAQBAJ&printsec=frontcover&img=1&zoom=0,googlebooks_titulo,brasilapi,2026-06-19T19:59:24,,,
9786555208702,"Inteligência artificial e suas ambivalências: Uma abordagem social dos benefícios, riscos e desafios da ia",Godo Rodolfo Goemann Junior,Alta Books,2021,384,pt,"Administração e serviços auxiliares, inteligência, artificial",https://m.media-amazon.com/images/I/71sQhCTQD0L._SL1414_.jpg,duckduckgo,brasilapi,2026-06-19T19:59:38,,,
9786586460308,Algoritmos da Opressão,"Safiya Umoja Noble, Felipe Damorim",Editora Rua do Sabão,2021,308,pt,"Ciências sociais, racismo",https://covers.openlibrary.org/b/id/12856940-L.jpg,openlibrary_cover_i,brasilapi,2026-06-19T19:59:52,,,
9786586497229,Tecnodiversidade,"Yuk Hui, Humberto do Amaral",Ubu Editora,,,pt,"Tecnologia (ciências aplicadas), tecnologia, sociedade, Sociologia, filosofia",https://books.google.com/books/content?id=AcgOEAAAQBAJ&printsec=frontcover&img=1&zoom=0,googlebooks_titulo,brasilapi,2026-06-19T20:00:00,,,
9788575167489,Entendendo a economia brasileira,Carlos José Caetano Bacha,ALÍNEA,,,pt,Economia,https://images-na.ssl-images-amazon.com/images/I/81kCwFlexrL.jpg,duckduckgo,brasilapi,2026-06-19T20:00:13,,,
9788534705257,Olhos D'água,,Pallas Editora ,,0,pt,,https://books.google.com/books/content?id=fFmH_VP13moC&printsec=frontcover&img=1&zoom=0,googlebooks_isbn,brasilapi,2026-06-19T20:00:32,,,
9788535928198,Homo Deus: uma breve história do amanhã,,Companhia das Letras,,0,pt,,https://covers.openlibrary.org/b/id/7914168-L.jpg,openlibrary_cover_i,brasilapi,2026-06-19T20:41:39,,,
9788525432186,Sapiens: uma breve história da humanidade,,Lpm Editores,,0,pt,,https://covers.openlibrary.org/b/id/8634250-L.jpg,openlibrary_cover_i,brasilapi,2026-06-19T20:41:45,,,
9788539004119,O poder do hábito: por que fazemos o que e como mudar,,Objetiva,,0,pt,,https://covers.openlibrary.org/b/id/9078085-L.jpg,openlibrary_cover_i,brasilapi,2026-06-19T20:41:55,,,
9788569536116,A Era do Capital Improdutivo: por que oito famílias tem mais riqueza do que a metade da população do mundo?,Ladislau Dowbor,Autonomia Literária,,,pt,Economia,https://m.media-amazon.com/images/I/61kAEnISHqL._SL1067_.jpg,duckduckgo,brasilapi,2026-06-19T20:42:08,,,
9788551004319,Breves respostas para grandes questões,,Intrínseca,,0,pt,,https://covers.openlibrary.org/b/id/8815165-L.jpg,openlibrary_cover_i,brasilapi,2026-06-19T20:42:29,,,
9788580579529,Como mentir com estatísticas,,Intrínseca,,0,pt,,https://covers.openlibrary.org/b/id/13115835-L.jpg,openlibrary_cover_i,brasilapi,2026-06-19T20:42:39,,,
9788551000984,Buracos negros: palestras da BBC Reith Lectures,,Intrínseca,,0,pt,,https://covers.openlibrary.org/b/isbn/9788551000984-L.jpg,openlibrary_isbn,brasilapi,2026-06-19T20:42:48,,,
9788516036171,O SENHOR DOS PESADELOS,,Moderna,,0,pt,,https://cdn.awsli.com.br/2500x2500/765/765972/produto/30547774/o-senhor-dos-pesadelos-elisabeth-maggio-8f07e63d.jpg,duckduckgo,brasilapi,2026-06-19T20:42:49,,,
9788532508126,A HORA DA ESTRELA,"LISPECTOR, CLARICE",Rocco,,,pt,Literatura portuguesa,https://covers.openlibrary.org/b/isbn/9788532508126-M.jpg,openlibrary_isbn,brasilapi,2026-06-19T20:43:08,,,
9788565339049,A esquerda que não teme dizer seu nome,Vladimir Safatle,Três Estrelas,,,pt,Ciência política,https://books.google.com/books/content?id=1dxhEQAAQBAJ&printsec=frontcover&img=1&zoom=0,googlebooks_titulo,brasilapi,2026-06-19T20:43:10,,,
9788535931617,Irmãos: uma história do PCC,,Companhia das Letras,,0,pt,,https://books.google.com/books/content?id=njRmDwAAQBAJ&printsec=frontcover&img=1&zoom=0,googlebooks_titulo,brasilapi,2026-06-19T20:43:24,,,
9788550802176,"Todo mundo mente: Big Data, novos dados e o que a internet nos diz sobre quem realmente somos",,Alta Books,,0,pt,,https://m.media-amazon.com/images/I/51ysdmdMckL.jpg,duckduckgo,brasilapi,2026-06-19T20:43:36,,,
9788552100911,Meditações,Marco Aurélio,EDIPRO,,,pt,Ética (Moral filosófica),https://books.google.com/books/content?id=n2DBDwAAQBAJ&printsec=frontcover&img=1&zoom=0,googlebooks_titulo,brasilapi,2026-06-19T20:43:54,,,
9786559790005,Modernidade líquida,"Zygmunt Bauman, Plínio Dentzien",Zahar,2021,280,pt,"Literatura, Literatura",https://books.google.com/books/content?id=TXLTDwAAQBAJ&printsec=frontcover&img=1&zoom=0,googlebooks_titulo,brasilapi,2026-06-19T20:44:08,,,
9780199640379,"Organization Theory: Modern, Symbolic, and Postmodern Perspectives","Mary Jo Hatch, Ann L. Cunliffe",Oxford University Press,2013,380,,"Organizational sociology, Organization, Organizational behavior, Organisaties, Organisatietheorie",https://covers.openlibrary.org/b/id/8778340-L.jpg,openlibrary_cover_i,openlibrary,2026-06-19T20:44:27,,,
9788571395305,OS USOS SOCIAIS DA CIENCIA:POR UMA SOCIOLOGIA CLINICADO CAMPO CIENTIFICO,"BOURDIEU, PIERRE",EDITORA UNESP,,,pt,Ciências sociais,https://covers.openlibrary.org/b/id/9749492-L.jpg,openlibrary_cover_i,brasilapi,2026-06-19T20:44:35,,,
9786589654421,O essencial da Psicologia,Sigmund Freud,PROMOLIVROS,2023,128,pt,"Psicologia, Freud, Psicologia, sigmund",https://down-br.img.susercontent.com/file/br-11134207-7r98s-lme2pck1rh9nf1,duckduckgo,brasilapi,2026-06-19T20:44:45,,,
9788535933581,Ideias para adiar o fim do mundo,Ailton Krenak,Companhia das Letras,2021,104,pt,"Literatura, Literatura",https://books.google.com/books/content?id=urKXDwAAQBAJ&printsec=frontcover&img=1&zoom=0,googlebooks_titulo,brasilapi,2026-06-19T20:45:04,,,
9788572323987,REPUBLICA,,Editora Martin Claret,,0,pt,,https://covers.openlibrary.org/b/id/13119966-L.jpg,openlibrary_cover_i,brasilapi,2026-06-19T20:45:17,,,
9788532653062,A sociologia de Erving Goffman,,Editora Vozes ,,0,pt,,https://images-na.ssl-images-amazon.com/images/I/71tQ626oD4L.jpg,duckduckgo,brasilapi,2026-06-19T20:45:28,,,
9789722318228,Italiano prático: método de conversação,"Pietro Giorgetti, Jill Norman",,,132,pt-BR,,https://down-br.img.susercontent.com/file/sg-11134201-8258h-mg0uyaj9wetrd1,duckduckgo,googlebooks,2026-06-19T20:45:53,,,
9788526205413,DOM QUIXOTE,,Editora Scipione,,0,pt,,https://covers.openlibrary.org/b/id/10448256-L.jpg,openlibrary_cover_i,brasilapi,2026-06-19T20:46:14,,,
9788571644755,O MUNDO DE SOFIA: ROMANCE DA HISTORIA DA FILOSOFIA,,Companhia das Letras,,0,pt,,https://covers.openlibrary.org/b/isbn/9788571644755-L.jpg,openlibrary_isbn,brasilapi,2026-06-19T20:46:21,,,
9788522520633,Lobby e políticas públicas,"Wagner Pralon Mancuso, Andréa Cristina Oliveira Gozetto",FGV EDITORA,,,pt,Ciência política,https://books.google.com/books/content?id=u4tlDwAAQBAJ&printsec=frontcover&img=1&zoom=0,googlebooks_titulo,brasilapi,2026-06-19T20:46:22,,,
9788572329750,A ética protestante e o espírito do capitalismo,,Editora Martin Claret,,0,pt,,https://books.google.com/books/content?id=eO-OBgAAQBAJ&printsec=frontcover&img=1&zoom=0,googlebooks_titulo,brasilapi,2026-06-19T20:46:35,,,
9786557130179,Favor fechar os olhos,"Byung-Chul Han, Lucas Machado",Editora Vozes ,,,pt,"Filosofia e disciplinas relacionadas, Tempo, sociedade, Momento, Mídia",https://covers.openlibrary.org/b/isbn/9786557130179-L.jpg,openlibrary_isbn,brasilapi,2026-06-19T20:46:46,,,
9788515013593,A ORDEM DO DISCURSO,,Aneas Edições Loyola,None,0,pt,,https://covers.openlibrary.org/b/isbn/9788515013593-M.jpg,openlibrary_isbn,brasilapi,2026-06-19T20:46:47,,,
9788565042727,,,,,,,,https://m.media-amazon.com/images/I/31cpUA1D8qL._SY445_SX342_ML2_.jpg,duckduckgo,nao_encontrado,2026-06-19T20:47:01,,,
9788565042703,,,,,,,,https://images.tcdn.com.br/img/img_prod/1272692/lv_e_assim_que_acaba_capa_dura_ed_colecionador_1819_1_e9b28ec32791cc5e9287d142b8065393.jpg,duckduckgo,nao_encontrado,2026-06-19T20:47:24,,,
9788565042710,,,,,,,,https://pictures.abebooks.com/isbn/9788565042710-us.jpg,duckduckgo,nao_encontrado,2026-06-19T20:47:46,,,
9788565042895,,,,,,,,https://marketplace.canva.com/EAFI8A8C6_s/1/0/1003w/canva-capa-de-livro-infantil-aventura-abstrato-colorido-hwEQgVR4U4g.jpg,duckduckgo,nao_encontrado,2026-06-19T20:48:09,,,
9788586796593,MANTENHA SEU CEREBRO VIVO,"KATZ, LAWRENCE C., RUBIN, MANNING",Sextante,None,,pt,Psicologia,https://books.google.com/books/content?id=jO6P_C3nMegC&printsec=frontcover&img=1&zoom=0,googlebooks_titulo,brasilapi,2026-06-19T20:48:19,,,
9788576864493,Livro de marcar livros,,Verus Editora,None,0,pt,,https://lojasebocultural.com.br/wp-content/uploads/2025/07/capa-1751651608485.jpeg,duckduckgo,brasilapi,2026-06-19T20:48:33,,,
9788572324304,A ETICA,,Editora Martin Claret,None,0,pt,,https://books.google.com/books/content?id=mLnOkVOdYZ0C&printsec=frontcover&img=1&zoom=0,googlebooks_titulo,brasilapi,2026-06-19T20:48:49,,,
9788574029917,VANCOUVER E ROCHOSAS CANADENSES,AA PUBLISHING,Folha da Manhã - Publifolha,None,,pt,Geografia e viagens,https://m.media-amazon.com/images/I/71zQIAemyAL._SL1200_.jpg,duckduckgo,brasilapi,2026-06-19T20:49:02,,,
9788563560230,Essencial,"Franz Kafka, Modesto Carone",Penguin-Companhia das Letras,2011,304,pt,"Outras literaturas; literaturas de outros idiomas, Literatura",https://covers.openlibrary.org/b/isbn/9788563560230-L.jpg,openlibrary_isbn,brasilapi,2026-06-19T20:49:20,,,
9788535930344,As intermitências da morte,José Saramago,Companhia das Letras,2020,208,pt,"Literatura, Literatura",https://covers.openlibrary.org/b/id/8619758-L.jpg,openlibrary_cover_i,brasilapi,2026-06-19T20:49:22,,,
9788535930351,Ensaio sobre a lucidez,,Companhia das Letras,None,0,pt,,https://covers.openlibrary.org/b/id/112440-L.jpg,openlibrary_cover_i,brasilapi,2026-06-19T20:49:30,,,
9788535924831,E se?: respostas científicas para perguntas absurdas,,Companhia das Letras,None,0,pt,,https://books.google.com/books/content?id=-F0jBQAAQBAJ&printsec=frontcover&img=1&zoom=0,googlebooks_titulo,brasilapi,2026-06-19T20:49:39,,,
